chr	from	to	ref	alt	mutation_type	tumour_type	driver_gene	driver_code
1	115256502	115256508	TGGTCTC	-	indel	PACA	NRAS	NRAS RDQ68
1	115256502	115256508	TGGTCTC	-	indel	PACA	NRAS	NRAS A66
1	115256528	115256528	T	G	SNV	MALY	NRAS	NRAS Q61H
1	115256529	115256529	T	C	SNV	MELA	NRAS	NRAS Q61R
1	115256528	115256528	T	G	SNV	MALY	NRAS	NRAS Q61K
1	115258744	115258744	C	T	SNV	LAML	NRAS	NRAS G13D
1	115258744	115258744	C	T	SNV	LAML	NRAS	NRAS G12D
1	115258747	115258747	C	G	SNV	MELA	NRAS	NRAS G12A
1	115258748	115258748	C	A	SNV	MELA	NRAS	NRAS G12C
10	89624260	89624260	A	G	SNV	MALY	PTEN	PTEN N12D
10	89653797	89653797	T	G	SNV	BRCA	PTEN	PTEN I32S
10	89653797	89653797	T	G	SNV	BRCA	PTEN	PTEN I33T
10	89653829	89653829	G	T	SNV	PACA	PTEN	PTEN E43*
10	89685294	89685294	C	-	indel	BRCA	PTEN	PTEN N63
10	89685294	89685294	C	-	indel	BRCA	PTEN	PTEN Y68H
10	89685294	89685294	C	-	indel	BRCA	PTEN	PTEN H75
10	89692755	89692776	ATCTTTTTACCACAGTTGCACA	-	indel	BRCA	PTEN	PTEN VAQ85
10	89685294	89685294	C	-	indel	BRCA	PTEN	PTEN P95L
10	89685294	89685294	C	-	indel	BRCA	PTEN	PTEN I101T
10	89685294	89685294	C	-	indel	BRCA	PTEN	PTEN P103
10	89685294	89685294	C	-	indel	BRCA	PTEN	PTEN R130*
10	89685294	89685294	C	-	indel	BRCA	PTEN	PTEN R130Q
10	89685294	89685294	C	-	indel	BRCA	PTEN	PTEN G132S
10	89685294	89685294	C	-	indel	BRCA	PTEN	PTEN G132V
10	89685294	89685294	C	-	indel	BRCA	PTEN	PTEN M134R
10	89685294	89685294	C	-	indel	BRCA	PTEN	PTEN Q149*
10	89685294	89685294	C	-	indel	BRCA	PTEN	PTEN D153
10	89685294	89685294	C	-	indel	BRCA	PTEN	PTEN R159S
10	89711877	89711889	AGTAACTATTCCC	-	indel	LIRI	PTEN	PTEN GVTIP165
10	89711873	89711873	A	T	SNV	PRAD	PTEN	PTEN Q171*
10	89711873	89711873	A	T	SNV	PRAD	PTEN	PTEN P204Q
10	89711877	89711889	AGTAACTATTCCC	-	indel	LIRI	PTEN	PTEN G209*
10	89711877	89711889	AGTAACTATTCCC	-	indel	LIRI	PTEN	PTEN CN211
10	89711873	89711873	A	T	SNV	PRAD	PTEN	PTEN S229*
10	89711873	89711873	A	T	SNV	PRAD	PTEN	PTEN R233*
10	89711877	89711889	AGTAACTATTCCC	-	indel	LIRI	PTEN	PTEN Q245*
10	89711873	89711873	A	T	SNV	PRAD	PTEN	PTEN L247
10	89711877	89711889	AGTAACTATTCCC	-	indel	LIRI	PTEN	PTEN I253N
10	89711877	89711889	AGTAACTATTCCC	-	indel	LIRI	PTEN	PTEN L265
10	89711873	89711873	A	T	SNV	PRAD	PTEN	PTEN I300
10	89711873	89711873	A	T	SNV	PRAD	PTEN	PTEN D310G
10	89711873	89711873	A	T	SNV	PRAD	PTEN	PTEN VL317
10	89711877	89711889	AGTAACTATTCCC	-	indel	LIRI	PTEN	PTEN ND323N
10	123274794	123274794	T	C	SNV	LIRI	FGFR2	FGFR2 Y286C
10	123274794	123274794	T	C	SNV	LIRI	FGFR2	FGFR2 Y376C
10	123279677	123279677	G	C	SNV	BTCA	FGFR2	FGFR2 S137W
10	123279677	123279677	G	C	SNV	BTCA	FGFR2	FGFR2 S252W
11	534288	534288	C	A	SNV	ORCA	HRAS	HRAS G12V
12	25380275	25380275	T	G	SNV	PACA	KRAS	KRAS Q61H
12	25380276	25380276	T	A	SNV	PACA	KRAS	KRAS Q61L
12	25380276	25380276	T	C	SNV	PACA	KRAS	KRAS Q61R
12	25398255	25398255	G	T	SNV	PBCA	KRAS	KRAS Q22K
12	25398262	25398262	C	G	SNV	PBCA	KRAS	KRAS L19F
12	25398281	25398281	C	T	SNV	PACA	KRAS	KRAS G13D
12	25398284	25398284	C	A	SNV	PACA	KRAS	KRAS G12V
12	25398262	25398262	C	G	SNV	PBCA	KRAS	KRAS G12D
12	25398284	25398284	C	G	SNV	PACA	KRAS	KRAS G12A
12	25398285	25398285	C	G	SNV	PACA	KRAS	KRAS G12R
12	25398262	25398262	C	G	SNV	PBCA	KRAS	KRAS G12S
12	25398284	25398284	C	A	SNV	PACA	KRAS	KRAS G12C
12	112888189	112888189	G	A	SNV	PBCA	PTPN11	PTPN11 E69K
12	112888189	112888189	G	A	SNV	PBCA	PTPN11	PTPN11 E76K
12	112888189	112888189	G	A	SNV	PBCA	PTPN11	PTPN11 E76A
13	32912849	32912849	A	T	SNV	OV	BRCA2	BRCA2 K1453*
13	32914574	32914574	G	T	SNV	BRCA	BRCA2	BRCA2 E2028*
13	32914574	32914574	G	T	SNV	BRCA	BRCA2	BRCA2 RIIENQEKSLK2295
13	32912849	32912849	A	T	SNV	OV	BRCA2	BRCA2 K2404
13	32953608	32953608	G	A	SNV	PACA	BRCA2	BRCA2 W2970*
13	48916734	48916734	G	A	SNV	MELA	RB1	RB1 R251L
13	48937093	48937093	G	C	SNV	PRAD	RB1	RB1 E287D
13	48941705	48941747	CATGATAAAACTCTTCAGACTGATTCTATAGACAGGTATTGCA	-	indel	OV	RB1	RB1 HDKTLQTDSIDS339
13	48941705	48941747	CATGATAAAACTCTTCAGACTGATTCTATAGACAGGTATTGCA	-	indel	OV	RB1	RB1 K341*
13	48942662	48942662	G	C	SNV	OV	RB1	RB1 R445
13	48942662	48942662	G	C	SNV	OV	RB1	RB1 R467*
13	48942662	48942662	G	C	SNV	OV	RB1	RB1 H483
13	48942662	48942662	G	C	SNV	OV	RB1	RB1 Q504
13	48942662	48942662	G	C	SNV	OV	RB1	RB1 R556*
13	49027187	49027187	A	-	indel	PAEN	RB1	RB1 H585
13	49027187	49027187	A	-	indel	PAEN	RB1	RB1 I679
13	49027187	49027187	A	-	indel	PAEN	RB1	RB1 R698W
13	48942662	48942662	G	C	SNV	OV	RB1	RB1 IV724
13	48942662	48942662	G	C	SNV	OV	RB1	RB1 R787*
13	49047507	49047507	C	A	SNV	LIRI	RB1	RB1 S834*
15	66727443	66727443	T	G	SNV	PACA	MAP2K1	MAP2K1 F53L
15	66727443	66727443	T	G	SNV	PACA	MAP2K1	MAP2K1 K57T
15	66737003	66737003	G	A	SNV	MELA	MAP2K1	MAP2K1 G176S
15	90631934	90631934	C	T	SNV	CMDI	IDH2	IDH2 R88Q
15	90645514	90645514	G	T	SNV	CMDI	IDH2	IDH2 R37S
17	7572930	7572933	GTCT	-	indel	MALY	TP53	TP53 SD392
17	7573991	7573991	C	A	SNV	PACA	TP53	TP53 E346*
17	7573998	7573999	CT	-	indel	BRCA	TP53	TP53 E343
17	7573998	7573999	CT	-	indel	BRCA	TP53	TP53 R337L
17	7574018	7574018	G	A	SNV	PACA	TP53	TP53 R337C
17	7576855	7576855	G	A	SNV	PACA	TP53	TP53 Q17*
17	7576856	7576856	A	-	indel	ESAD	TP53	TP53 L16
17	7576856	7576856	A	-	indel	ESAD	TP53	TP53 L198
17	7576863	7576863	A	-	indel	BRCA	TP53	TP53 F196
17	7576863	7576863	A	-	indel	BRCA	TP53	TP53 F328
17	7576872	7576872	C	-	indel	PACA	TP53	TP53 G11
17	7576872	7576872	C	-	indel	PACA	TP53	TP53 G193
17	7576897	7576897	G	-	indel	LIRI	TP53	TP53 Q317
17	7576897	7576897	G	-	indel	LIRI	TP53	TP53 Q3
17	7576897	7576897	G	A	SNV	PACA	TP53	TP53 Q3*
17	7576897	7576897	G	A	SNV	PACA	TP53	TP53 Q185*
17	7576917	7576917	T	-	indel	PACA	TP53	TP53 N178
17	7577058	7577058	C	A	SNV	OV	TP53	TP53 E294*
17	7577082	7577082	C	T	SNV	LINC	TP53	TP53 E286K
17	7577085	7577085	C	T	SNV	BTCA	TP53	TP53 E285K
17	7577097	7577097	C	T	SNV	MALY	TP53	TP53 D149N
17	7577099	7577099	C	T	SNV	PAEN	TP53	TP53 R148K
17	7577102	7577102	C	T	SNV	LIRI	TP53	TP53 G147E
17	7577105	7577105	G	C	SNV	PACA	TP53	TP53 P278R
17	7577106	7577106	G	A	SNV	GACA	TP53	TP53 P278S
17	7577111	7577111	G	C	SNV	LIRI	TP53	TP53 A144G
17	7577111	7577111	G	T	SNV	ESAD	TP53	TP53 A276D
17	7577120	7577120	C	T	SNV	MALY	TP53	TP53 R141H
17	7577120	7577120	C	A	SNV	ESAD	TP53	TP53 R141L
17	7577121	7577121	G	A	SNV	LIRI	TP53	TP53 R141C
17	7577123	7577123	A	C	SNV	PACA	TP53	TP53 V272G
17	7577124	7577124	C	T	SNV	PACA	TP53	TP53 V272M
17	7577124	7577124	C	A	SNV	PACA	TP53	TP53 V272L
17	7577127	7577127	C	G	SNV	BRCA	TP53	TP53 E271Q
17	7577135	7577135	T	A	SNV	PACA	TP53	TP53 N268I
17	7577139	7577139	G	A	SNV	PBCA	TP53	TP53 R267W
17	7577141	7577141	C	T	SNV	PACA	TP53	TP53 G266E
17	7577152	7577161	ACCACTACTC	-	indel	OV	TP53	TP53 SG261
17	7577153	7577153	C	A	SNV	PACA	TP53	TP53 G262V
17	7577506	7577506	C	A	SNV	LIRI	TP53	TP53 D127Y
17	7577507	7577507	T	G	SNV	BRCA	TP53	TP53 E126D
17	7577508	7577508	T	C	SNV	GACA	TP53	TP53 E258G
17	7577511	7577511	A	G	SNV	MALY	TP53	TP53 L257P
17	7577512	7577512	G	C	SNV	LIRI	TP53	TP53 L257V
17	7577515	7577517	TGA	-	indel	PACA	TP53	TP53 IT255T
17	7577517	7577517	A	G	SNV	BOCA	TP53	TP53 I123T
17	7577518	7577518	T	A	SNV	OV	TP53	TP53 I255F
17	7577520	7577520	A	G	SNV	LIRI	TP53	TP53 I254T
17	7577521	7577521	T	C	SNV	LINC	TP53	TP53 I254V
17	7577523	7577523	G	T	SNV	LINC	TP53	TP53 T253N
17	7577525	7577525	G	A	SNV	LIRI	TP53	TP53 L120L
17	7577534	7577534	C	A	SNV	MALY	TP53	TP53 R249S
17	7577534	7577534	C	-	indel	OV	TP53	TP53 R249
17	7577535	7577535	C	T	SNV	ESAD	TP53	TP53 ?156
17	7577535	7577535	C	T	SNV	ESAD	TP53	TP53 R117K
17	7577535	7577535	C	A	SNV	PACA	TP53	TP53 R249M
17	7577538	7577538	C	T	SNV	PACA	TP53	TP53 R155Q
17	7577538	7577538	C	T	SNV	PACA	TP53	TP53 R116Q
17	7577539	7577539	G	A	SNV	ESAD	TP53	TP53 R248W
17	7577539	7577539	G	A	SNV	ESAD	TP53	TP53 R155W
17	7577545	7577545	T	C	SNV	PACA	TP53	TP53 M114V
17	7577545	7577545	T	C	SNV	PACA	TP53	TP53 M153V
17	7577545	7577559	TGCCGCCCATGCAGG	-	indel	BRCA	TP53	TP53 SCMGGM148L
17	7577545	7577559	TGCCGCCCATGCAGG	-	indel	BRCA	TP53	TP53 SCMGGM109L
17	7577547	7577547	C	T	SNV	OV	TP53	TP53 G152D
17	7577547	7577547	C	T	SNV	OV	TP53	TP53 G113D
17	7577547	7577547	C	A	SNV	ESAD	TP53	TP53 G245V
17	7577547	7577547	C	A	SNV	ESAD	TP53	TP53 G152V
17	7577548	7577548	C	G	SNV	PACA	TP53	TP53 G245R
17	7577548	7577548	C	G	SNV	PACA	TP53	TP53 G152R
17	7577548	7577548	C	T	SNV	ESAD	TP53	TP53 G245S
17	7577548	7577548	C	T	SNV	ESAD	TP53	TP53 G113S
17	7577548	7577548	C	A	SNV	BRCA	TP53	TP53 G245C
17	7577548	7577548	C	A	SNV	BRCA	TP53	TP53 G152C
17	7577551	7577551	C	A	SNV	LIRI	TP53	TP53 G244C
17	7577551	7577551	C	A	SNV	LIRI	TP53	TP53 G112C
17	7577551	7577551	C	T	SNV	ORCA	TP53	TP53 G244S
17	7577551	7577551	C	T	SNV	ORCA	TP53	TP53 G151S
17	7577518	7577518	T	A	SNV	OV	TP53	TP53 C242S
17	7577518	7577518	T	A	SNV	OV	TP53	TP53 C149S
17	7577556	7577556	C	T	SNV	GACA	TP53	TP53 C242Y
17	7577556	7577556	C	T	SNV	GACA	TP53	TP53 C110Y
17	7577557	7577557	A	T	SNV	LIRI	TP53	TP53 C110S
17	7577559	7577559	G	A	SNV	PACA	TP53	TP53 S148F
17	7577559	7577559	G	A	SNV	PACA	TP53	TP53 S109F
17	7577559	7577559	G	C	SNV	LIRI	TP53	TP53 S148C
17	7577559	7577559	G	C	SNV	LIRI	TP53	TP53 S109C
17	7577560	7577560	A	G	SNV	MALY	TP53	TP53 S241P
17	7577560	7577560	A	G	SNV	MALY	TP53	TP53 S109P
17	7577560	7577560	A	C	SNV	BRCA	TP53	TP53 S241A
17	7577560	7577560	A	C	SNV	BRCA	TP53	TP53 S148A
17	7577563	7577563	T	C	SNV	CMDI	TP53	TP53 S240G
17	7577563	7577563	T	C	SNV	CMDI	TP53	TP53 S108G
17	7577565	7577565	T	-	indel	ESAD	TP53	TP53 N239
17	7577565	7577565	T	-	indel	ESAD	TP53	TP53 N146
17	7577566	7577566	T	C	SNV	CLLE	TP53	TP53 N239D
17	7577566	7577566	T	C	SNV	CLLE	TP53	TP53 N107D
17	7577568	7577568	C	A	SNV	CLLE	TP53	TP53 C238F
17	7577568	7577568	C	A	SNV	CLLE	TP53	TP53 C106F
17	7577569	7577569	A	G	SNV	PACA	TP53	TP53 C238R
17	7577569	7577569	A	G	SNV	PACA	TP53	TP53 C106R
17	7577570	7577570	C	T	SNV	PACA	TP53	TP53 M105I
17	7577570	7577570	C	T	SNV	PACA	TP53	TP53 M144I
17	7577573	7577573	G	T	SNV	PACA	TP53	TP53 Y143*
17	7577573	7577575	GTA	-	indel	BRCA	TP53	TP53 Y104
17	7577573	7577575	GTA	-	indel	BRCA	TP53	TP53 Y236
17	7577574	7577574	T	C	SNV	ESAD	TP53	TP53 Y143C
17	7577574	7577574	T	G	SNV	MALY	TP53	TP53 Y236S
17	7577574	7577574	T	G	SNV	MALY	TP53	TP53 Y143S
17	7577575	7577575	A	T	SNV	MALY	TP53	TP53 Y236N
17	7577575	7577575	A	T	SNV	MALY	TP53	TP53 Y143N
17	7577575	7577575	A	G	SNV	LIRI	TP53	TP53 Y236H
17	7577575	7577575	A	G	SNV	LIRI	TP53	TP53 Y143H
17	7577579	7577579	G	C	SNV	LIRI	TP53	TP53 Y234*
17	7577579	7577579	G	C	SNV	LIRI	TP53	TP53 Y141*
17	7577579	7577579	G	-	indel	LIRI	TP53	TP53 Y141
17	7577579	7577579	G	-	indel	LIRI	TP53	TP53 Y102
17	7577580	7577580	T	C	SNV	LIRI	TP53	TP53 Y234C
17	7577580	7577580	T	C	SNV	LIRI	TP53	TP53 Y141C
17	7577581	7577581	A	G	SNV	LINC	TP53	TP53 Y234H
17	7577581	7577581	A	G	SNV	LINC	TP53	TP53 Y141H
17	7577587	7577587	T	A	SNV	LIRI	TP53	TP53 I232F
17	7577587	7577587	T	A	SNV	LIRI	TP53	TP53 I139F
17	7577594	7577594	A	C	SNV	MALY	TP53	TP53 C229W
17	7577594	7577594	A	C	SNV	MALY	TP53	TP53 C136W
17	7577594	7577595	AC	-	indel	PACA	TP53	TP53 C229
17	7577594	7577595	AC	-	indel	PACA	TP53	TP53 C136
17	7577595	7577603	CAGTCAGAG	-	indel	PACA	TP53	TP53 GSDC226G
17	7577595	7577603	CAGTCAGAG	-	indel	PACA	TP53	TP53 GSDC94G
17	7578179	7578186	CAGGCGGC	-	indel	ESAD	TP53	TP53 EPPE221
17	7578190	7578190	T	C	SNV	PACA	TP53	TP53 Y220C
17	7578190	7578190	T	C	SNV	PACA	TP53	TP53 Y88C
17	7578191	7578191	A	T	SNV	LIRI	TP53	TP53 Y220N
17	7578191	7578191	A	T	SNV	LIRI	TP53	TP53 Y127N
17	7578195	7578197	CAC	-	indel	OV	TP53	TP53 V218
17	7578195	7578197	CAC	-	indel	OV	TP53	TP53 V125
17	7578199	7578199	A	C	SNV	PACA	TP53	TP53 V85G
17	7578199	7578199	A	C	SNV	PACA	TP53	TP53 V124G
17	7578203	7578203	C	T	SNV	LIRI	TP53	TP53 V123M
17	7578203	7578203	C	T	SNV	LIRI	TP53	TP53 V84M
17	7578203	7578203	C	A	SNV	PACA	TP53	TP53 V123L
17	7578203	7578203	C	A	SNV	PACA	TP53	TP53 V84L
17	7578204	7578204	A	C	SNV	MALY	TP53	TP53 S215R
17	7578204	7578204	A	C	SNV	MALY	TP53	TP53 S122R
17	7578204	7578204	A	C	SNV	MALY	TP53	TP53 S215I
17	7578204	7578204	A	C	SNV	MALY	TP53	TP53 S122I
17	7578205	7578205	C	T	SNV	BTCA	TP53	TP53 S83N
17	7578205	7578205	C	T	SNV	BTCA	TP53	TP53 S122N
17	7578206	7578206	T	C	SNV	LIRI	TP53	TP53 S215G
17	7578206	7578206	T	C	SNV	LIRI	TP53	TP53 S122G
17	7578208	7578208	T	C	SNV	LIRI	TP53	TP53 H121R
17	7578208	7578208	T	C	SNV	LIRI	TP53	TP53 H82R
17	7578211	7578211	C	A	SNV	LIRI	TP53	TP53 R213L
17	7578211	7578211	C	A	SNV	LIRI	TP53	TP53 R81L
17	7578212	7578212	G	A	SNV	ESAD	TP53	TP53 R81*
17	7578212	7578212	G	A	SNV	ESAD	TP53	TP53 R120*
17	7578213	7578214	AA	-	indel	ESAD	TP53	TP53 F212
17	7578213	7578214	AA	-	indel	ESAD	TP53	TP53 F119
17	7578215	7578215	A	C	SNV	LIRI	TP53	TP53 F212V
17	7578215	7578215	A	C	SNV	LIRI	TP53	TP53 F119V
17	7578222	7578223	TC	-	indel	PRAD	TP53	TP53 R209
17	7578222	7578223	TC	-	indel	PRAD	TP53	TP53 R77
17	7578232	7578235	AAAT	-	indel	OV	TP53	TP53 YL205
17	7578232	7578235	AAAT	-	indel	OV	TP53	TP53 YL112
17	7578235	7578235	T	C	SNV	LIRI	TP53	TP53 Y205C
17	7578235	7578235	T	C	SNV	LIRI	TP53	TP53 Y73C
17	7578235	7578235	T	G	SNV	PBCA	TP53	TP53 Y73S
17	7578235	7578235	T	G	SNV	PBCA	TP53	TP53 Y112S
17	7578236	7578236	A	G	SNV	PACA	TP53	TP53 Y73H
17	7578236	7578236	A	G	SNV	PACA	TP53	TP53 Y112H
17	7578237	7578239	CTC	-	indel	ORCA	TP53	TP53 E204
17	7578237	7578239	CTC	-	indel	ORCA	TP53	TP53 E72
17	7578239	7578239	C	A	SNV	ESAD	TP53	TP53 E72*
17	7578239	7578239	C	A	SNV	ESAD	TP53	TP53 E111*
17	7578247	7578247	A	T	SNV	LIRI	TP53	TP53 L108*
17	7578247	7578247	A	T	SNV	LIRI	TP53	TP53 L69*
17	7578257	7578257	C	A	SNV	ESAD	TP53	TP53 E198*
17	7578257	7578257	C	A	SNV	ESAD	TP53	TP53 E66*
17	7578260	7578260	C	T	SNV	PACA	TP53	TP53 V197M
17	7578260	7578260	C	T	SNV	PACA	TP53	TP53 V104M
17	7578262	7578262	C	G	SNV	PACA	TP53	TP53 R196P
17	7578262	7578262	C	G	SNV	PACA	TP53	TP53 R103P
17	7578263	7578263	G	A	SNV	PACA	TP53	TP53 R64*
17	7578263	7578263	G	A	SNV	PACA	TP53	TP53 R103*
17	7578265	7578265	A	G	SNV	OV	TP53	TP53 I102T
17	7578265	7578265	A	G	SNV	OV	TP53	TP53 I63T
17	7578266	7578266	T	A	SNV	PACA	TP53	TP53 I102F
17	7578266	7578266	T	A	SNV	PACA	TP53	TP53 I63F
17	7578268	7578268	A	C	SNV	ESAD	TP53	TP53 L101R
17	7578268	7578268	A	C	SNV	ESAD	TP53	TP53 L62R
17	7578271	7578271	T	C	SNV	OV	TP53	TP53 H193R
17	7578271	7578271	T	C	SNV	OV	TP53	TP53 H61R
17	7578271	7578271	T	-	indel	PACA	TP53	TP53 H100
17	7578271	7578271	T	-	indel	PACA	TP53	TP53 H61
17	7578272	7578272	G	A	SNV	ORCA	TP53	TP53 H193Y
17	7578272	7578272	G	A	SNV	ORCA	TP53	TP53 H100Y
17	7578275	7578275	G	A	SNV	PACA	TP53	TP53 Q60*
17	7578275	7578275	G	A	SNV	PACA	TP53	TP53 Q99*
17	7578280	7578280	G	A	SNV	MALY	TP53	TP53 P190L
17	7578280	7578280	G	A	SNV	MALY	TP53	TP53 P58L
17	7578285	7578295	CAGACCTAAGA	-	indel	LIRI	TP53	TP53 GL187
17	7578380	7578380	C	G	SNV	BRCA	TP53	TP53 D184H
17	7578380	7578380	C	G	SNV	BRCA	TP53	TP53 D52H
17	7578382	7578382	G	C	SNV	PACA	TP53	TP53 S183*
17	7578382	7578382	G	C	SNV	PACA	TP53	TP53 S51*
17	7578384	7578401	GCAGCGCTCATGGTGGGG	-	indel	PACA	TP53	TP53 PHHERC177
17	7578384	7578401	GCAGCGCTCATGGTGGGG	-	indel	PACA	TP53	TP53 PHHERC45
17	7578388	7578388	C	T	SNV	PACA	TP53	TP53 R181H
17	7578388	7578388	C	T	SNV	PACA	TP53	TP53 R49H
17	7578389	7578389	G	A	SNV	PRAD	TP53	TP53 R181C
17	7578389	7578389	G	A	SNV	PRAD	TP53	TP53 R88C
17	7578393	7578393	A	T	SNV	OV	TP53	TP53 H179Q
17	7578393	7578393	A	T	SNV	OV	TP53	TP53 H47Q
17	7578394	7578394	T	A	SNV	ESAD	TP53	TP53 H179L
17	7578394	7578394	T	A	SNV	ESAD	TP53	TP53 H47L
17	7578394	7578394	T	C	SNV	PACA	TP53	TP53 H179R
17	7578394	7578394	T	C	SNV	PACA	TP53	TP53 H47R
17	7578394	7578396	TGG	-	indel	PACA	TP53	TP53 HH85H
17	7578394	7578396	TGG	-	indel	PACA	TP53	TP53 HH178H
17	7578395	7578395	G	A	SNV	PACA	TP53	TP53 H86Y
17	7578395	7578395	G	A	SNV	PACA	TP53	TP53 H47Y
17	7578398	7578401	GGGG	-	indel	LIRI	TP53	TP53 PH177
17	7578398	7578401	GGGG	-	indel	LIRI	TP53	TP53 PH84
17	7578402	7578402	G	C	SNV	PACA	TP53	TP53 C176W
17	7578402	7578402	G	C	SNV	PACA	TP53	TP53 C44W
17	7578403	7578403	C	A	SNV	ESAD	TP53	TP53 C83F
17	7578403	7578403	C	A	SNV	ESAD	TP53	TP53 C176F
17	7578403	7578403	C	T	SNV	CLLE	TP53	TP53 C176Y
17	7578403	7578403	C	T	SNV	CLLE	TP53	TP53 C44Y
17	7578404	7578404	A	C	SNV	OV	TP53	TP53 C176G
17	7578404	7578404	A	C	SNV	OV	TP53	TP53 C83G
17	7578406	7578406	C	T	SNV	ESAD	TP53	TP53 R175H
17	7578406	7578406	C	T	SNV	ESAD	TP53	TP53 R82H
17	7578412	7578412	A	T	SNV	LIRI	TP53	TP53 V173E
17	7578413	7578413	C	G	SNV	PACA	TP53	TP53 V80L
17	7578413	7578413	C	G	SNV	PACA	TP53	TP53 V173L
17	7578413	7578413	C	T	SNV	ESAD	TP53	TP53 V173M
17	7578413	7578413	C	T	SNV	ESAD	TP53	TP53 V41M
17	7578415	7578415	A	T	SNV	MALY	TP53	TP53 V172D
17	7578415	7578415	A	T	SNV	MALY	TP53	TP53 V79D
17	7578416	7578416	C	A	SNV	OV	TP53	TP53 V172F
17	7578416	7578416	C	A	SNV	OV	TP53	TP53 V40F
17	7578427	7578427	T	G	SNV	OV	TP53	TP53 H168P
17	7578427	7578427	T	G	SNV	OV	TP53	TP53 H36P
17	7578427	7578427	T	C	SNV	OV	TP53	TP53 H168R
17	7578427	7578427	T	C	SNV	OV	TP53	TP53 H36R
17	7578431	7578431	G	A	SNV	LIRI	TP53	TP53 Q167*
17	7578431	7578431	G	A	SNV	LIRI	TP53	TP53 Q74*
17	7578441	7578441	G	T	SNV	LIRI	TP53	TP53 Y163*
17	7578441	7578441	G	T	SNV	LIRI	TP53	TP53 Y70*
17	7578442	7578442	T	C	SNV	LIRI	TP53	TP53 Y163C
17	7578442	7578442	T	C	SNV	LIRI	TP53	TP53 Y31C
17	7578445	7578445	A	T	SNV	PACA	TP53	TP53 I69N
17	7578445	7578445	A	T	SNV	PACA	TP53	TP53 I30N
17	7578449	7578449	C	T	SNV	PACA	TP53	TP53 A161T
17	7578449	7578449	C	T	SNV	PACA	TP53	TP53 A68T
17	7578454	7578454	G	A	SNV	PACA	TP53	TP53 A159V
17	7578454	7578454	G	A	SNV	PACA	TP53	TP53 A66V
17	7578455	7578455	C	G	SNV	GACA	TP53	TP53 A159P
17	7578455	7578455	C	G	SNV	GACA	TP53	TP53 A27P
17	7578455	7578460	CGCGGA	-	indel	PACA	TP53	TP53 VRA157A
17	7578455	7578460	CGCGGA	-	indel	PACA	TP53	TP53 VRA64A
17	7578457	7578457	C	G	SNV	PACA	TP53	TP53 R26P
17	7578457	7578457	C	G	SNV	PACA	TP53	TP53 R65P
17	7578461	7578461	C	A	SNV	PACA	TP53	TP53 V25F
17	7578461	7578461	C	A	SNV	PACA	TP53	TP53 V64F
17	7578470	7578473	CGGG	-	indel	ORCA	TP53	TP53 PG153
17	7578470	7578473	CGGG	-	indel	ORCA	TP53	TP53 PG21
17	7578475	7578475	G	-	indel	PACA	TP53	TP53 P152
17	7578475	7578475	G	-	indel	PACA	TP53	TP53 P20
17	7578479	7578479	G	C	SNV	PACA	TP53	TP53 P151A
17	7578479	7578479	G	C	SNV	PACA	TP53	TP53 P19A
17	7578479	7578479	G	A	SNV	ESAD	TP53	TP53 P151S
17	7578479	7578479	G	A	SNV	ESAD	TP53	TP53 P19S
17	7578483	7578483	G	-	indel	PACA	TP53	TP53 S17
17	7578483	7578483	G	-	indel	PACA	TP53	TP53 S142
17	7578492	7578492	C	T	SNV	LIRI	TP53	TP53 W146*
17	7578492	7578492	C	T	SNV	LIRI	TP53	TP53 W14*
17	7578493	7578493	C	T	SNV	OV	TP53	TP53 W53*
17	7578493	7578507	CACAGCTGCACAGGG	-	indel	PACA	TP53	TP53 CPVQLW9W
17	7578493	7578507	CACAGCTGCACAGGG	-	indel	PACA	TP53	TP53 CPVQLW134W
17	7578496	7578496	A	T	SNV	PACA	TP53	TP53 L145Q
17	7578496	7578496	A	T	SNV	PACA	TP53	TP53 L13Q
17	7578505	7578505	G	-	indel	GACA	TP53	TP53 P135
17	7578505	7578505	G	-	indel	GACA	TP53	TP53 P49
17	7578508	7578508	C	T	SNV	PACA	TP53	TP53 C9Y
17	7578508	7578508	C	T	SNV	PACA	TP53	TP53 C48Y
17	7578513	7578513	C	A	SNV	MALY	TP53	TP53 K139N
17	7578513	7578513	C	A	SNV	MALY	TP53	TP53 K132N
17	7578517	7578517	G	A	SNV	OV	TP53	TP53 A138V
17	7578517	7578517	G	A	SNV	OV	TP53	TP53 A6V
17	7578518	7578518	C	G	SNV	OV	TP53	TP53 A138P
17	7578524	7578524	G	A	SNV	ESAD	TP53	TP53 Q43*
17	7578524	7578524	G	A	SNV	ESAD	TP53	TP53 Q4*
17	7578525	7578525	G	C	SNV	PRAD	TP53	TP53 C128W
17	7578525	7578525	G	C	SNV	PRAD	TP53	TP53 C42W
17	7578526	7578526	C	T	SNV	ESAD	TP53	TP53 C135Y
17	7578526	7578526	C	T	SNV	ESAD	TP53	TP53 C42Y
17	7578526	7578526	C	A	SNV	OV	TP53	TP53 C135F
17	7578526	7578526	C	A	SNV	OV	TP53	TP53 C42F
17	7578527	7578527	A	G	SNV	BTCA	TP53	TP53 C135R
17	7578527	7578527	A	G	SNV	BTCA	TP53	TP53 C128R
17	7578529	7578529	A	C	SNV	PACA	TP53	TP53 F41C
17	7578529	7578529	A	C	SNV	PACA	TP53	TP53 F127C
17	7578530	7578530	A	G	SNV	ESAD	TP53	TP53 F134L
17	7578530	7578530	A	G	SNV	ESAD	TP53	TP53 F127L
17	7578535	7578535	T	C	SNV	OV	TP53	TP53 K132R
17	7578535	7578535	T	G	SNV	PACA	TP53	TP53 K132T
17	7578536	7578536	T	A	SNV	GACA	TP53	TP53 K132*
17	7578541	7578541	A	T	SNV	OV	TP53	TP53 L37H
17	7578542	7578542	G	A	SNV	LIRI	TP53	TP53 L37F
17	7579315	7579315	G	T	SNV	OV	TP53	TP53 C124*
17	7579345	7579357	CAAGAAGCCCAGA	-	indel	BRCA	TP53	TP53 RLGFL110
17	7579350	7579350	A	C	SNV	LIRI	TP53	TP53 F113V
17	7579350	7579350	A	T	SNV	PACA	TP53	TP53 F113I
17	7579368	7579368	A	-	indel	ESAD	TP53	TP53 Y107
17	7579369	7579369	G	C	SNV	PACA	TP53	TP53 S106R
17	7579377	7579377	G	A	SNV	PACA	TP53	TP53 Q104*
17	7579401	7579401	A	-	indel	OV	TP53	TP53 S96
17	7579414	7579414	C	-	indel	ORCA	TP53	TP53 W91
17	7579414	7579414	C	T	SNV	OV	TP53	TP53 W91*
17	7579420	7579420	G	-	indel	PACA	TP53	TP53 P89
17	7579433	7579433	G	-	indel	OV	TP53	TP53 P85
17	7579442	7579464	GGTGTAGGAGCTGCTGGTGCAGG	-	indel	PACA	TP53	TP53 PAPAAPTP75
17	7579470	7579470	C	-	indel	BRCA	TP53	TP53 V73
17	7579491	7579500	TTCTGGGAGC	-	indel	LIRI	TP53	TP53 APRM63
17	7579707	7579707	T	A	SNV	RECA	TP53	TP53 N30I
17	7579861	7579861	T	-	indel	ESAD	TP53	TP53 T18
17	29508778	29508778	C	-	indel	LIRI	NF1	NF1 Y235
17	29508778	29508778	C	-	indel	LIRI	NF1	NF1 E291
17	29552144	29552144	T	-	indel	LIRI	NF1	NF1 L292
17	29553520	29553520	C	-	indel	MELA	NF1	NF1 A690
17	29554622	29554622	C	T	SNV	MELA	NF1	NF1 Q803*
17	29556124	29556124	A	-	indel	LIRI	NF1	NF1 T831
17	29556124	29556124	A	-	indel	LIRI	NF1	NF1 T497
17	29557905	29557906	AA	-	indel	ESAD	NF1	NF1 SN719
17	29557905	29557906	AA	-	indel	ESAD	NF1	NF1 SN1053
17	29559200	29559200	T	G	SNV	CMDI	NF1	NF1 F1103V
17	29559200	29559200	T	G	SNV	CMDI	NF1	NF1 F769V
17	29560043	29560043	C	T	SNV	OV	NF1	NF1 Q1174*
17	29560043	29560043	C	T	SNV	OV	NF1	NF1 Q840*
17	29557277	29557277	G	T	SNV	BRCA	NF1	NF1 Q1174
17	29557277	29557277	G	T	SNV	BRCA	NF1	NF1 Q840
17	29652923	29652927	ATTGT	-	indel	BRCA	NF1	NF1 IV1620
17	29653073	29653073	A	T	SNV	MELA	NF1	NF1 K1670*
17	29653073	29653073	A	T	SNV	MELA	NF1	NF1 K1336*
17	29654650	29654650	T	G	SNV	BRCA	NF1	NF1 L1801*
17	29654707	29654707	T	G	SNV	LIRI	NF1	NF1 I1820S
17	29664431	29664431	T	A	SNV	MELA	NF1	NF1 L1803*
17	29665134	29665134	C	T	SNV	PBCA	NF1	NF1 Q2245*
17	29665134	29665134	C	T	SNV	PBCA	NF1	NF1 Q2266*
17	29665738	29665738	T	A	SNV	OV	NF1	NF1 L2279*
17	29665738	29665738	T	A	SNV	OV	NF1	NF1 L1924*
17	29667626	29667626	T	A	SNV	PBCA	NF1	NF1 L55Q
17	29667626	29667626	T	A	SNV	PBCA	NF1	NF1 L2321Q
17	29685562	29685562	A	G	SNV	PACA	NF1	NF1 N2324D
17	29685562	29685562	A	G	SNV	PACA	NF1	NF1 N2679D
17	29685584	29685585	AG	-	indel	LIRI	NF1	NF1 Q2665
17	29685584	29685585	AG	-	indel	LIRI	NF1	NF1 Q479
17	37868208	37868208	C	T	SNV	GACA	ERBB2	ERBB2 S280F
17	37880257	37880257	C	G	SNV	BRCA	ERBB2	ERBB2 I491M
17	37880257	37880257	C	G	SNV	BRCA	ERBB2	ERBB2 I767M
17	37880261	37880261	G	T	SNV	BRCA	ERBB2	ERBB2 D739Y
17	37881332	37881332	G	A	SNV	ESAD	ERBB2	ERBB2 V842I
17	37881332	37881332	G	A	SNV	ESAD	ERBB2	ERBB2 V566I
17	41228590	41228590	G	A	SNV	OV	BRCA1	BRCA1 Q238*
17	41243758	41243774	TCAATGATAATAAATTC	-	indel	OV	BRCA1	BRCA1 ENLLSLK1211
17	41243758	41243774	TCAATGATAATAAATTC	-	indel	OV	BRCA1	BRCA1 ENLLSLK962
17	41244022	41244022	C	-	indel	OV	BRCA1	BRCA1 V880
17	41244212	41244212	T	-	indel	LIRI	BRCA1	BRCA1 E1112
18	48573545	48573545	G	T	SNV	PACA	SMAD4	SMAD4 L43F
18	48575128	48575128	G	T	SNV	PACA	SMAD4	SMAD4 E108*
18	48575152	48575152	C	T	SNV	BTCA	SMAD4	SMAD4 Q116*
18	48575185	48575185	T	A	SNV	PACA	SMAD4	SMAD4 ?127
18	48575671	48575671	C	G	SNV	BRCA	SMAD4	SMAD4 S144*
18	48581351	48581351	G	T	SNV	OV	SMAD4	SMAD4 V219L
18	48584497	48584497	C	T	SNV	PACA	SMAD4	SMAD4 Q224*
18	48584607	48584607	C	A	SNV	PACA	SMAD4	SMAD4 Y260*
18	48586262	48586262	C	T	SNV	PACA	SMAD4	SMAD4 Q311*
18	48591803	48591803	T	G	SNV	PACA	SMAD4	SMAD4 Y226*
18	48591803	48591803	T	G	SNV	PACA	SMAD4	SMAD4 Y322*
18	48591813	48591813	A	C	SNV	LIRI	SMAD4	SMAD4 I326L
18	48591813	48591813	A	C	SNV	LIRI	SMAD4	SMAD4 I230L
18	48591825	48591825	G	A	SNV	PACA	SMAD4	SMAD4 E330K
18	48591825	48591825	G	A	SNV	PACA	SMAD4	SMAD4 E234K
18	48591837	48591837	C	T	SNV	BRCA	SMAD4	SMAD4 Q334*
18	48591837	48591837	C	T	SNV	BRCA	SMAD4	SMAD4 Q238*
18	48591838	48591855	AGGTAGGAGAGACATTTA	-	indel	BTCA	SMAD4	SMAD4 QVGETFK238Q
18	48591838	48591855	AGGTAGGAGAGACATTTA	-	indel	BTCA	SMAD4	SMAD4 QVGETFK334Q
18	48591846	48591846	G	T	SNV	PACA	SMAD4	SMAD4 E337*
18	48591846	48591846	G	T	SNV	PACA	SMAD4	SMAD4 E241*
18	48591803	48591803	T	G	SNV	PACA	SMAD4	SMAD4 D255H
18	48591803	48591803	T	G	SNV	PACA	SMAD4	SMAD4 D351H
18	48591892	48591892	G	T	SNV	PACA	SMAD4	SMAD4 G352V
18	48591892	48591892	G	T	SNV	PACA	SMAD4	SMAD4 G256V
18	48591892	48591892	G	T	SNV	PACA	SMAD4	SMAD4 G352E
18	48591892	48591892	G	T	SNV	PACA	SMAD4	SMAD4 G256E
18	48591903	48591903	C	T	SNV	ESAD	SMAD4	SMAD4 P356S
18	48591903	48591903	C	T	SNV	ESAD	SMAD4	SMAD4 P260S
18	48591918	48591918	C	T	SNV	ESAD	SMAD4	SMAD4 R361C
18	48591918	48591918	C	T	SNV	ESAD	SMAD4	SMAD4 R265C
18	48591813	48591813	A	C	SNV	LIRI	SMAD4	SMAD4 R361S
18	48591813	48591813	A	C	SNV	LIRI	SMAD4	SMAD4 R265S
18	48591919	48591919	G	A	SNV	PACA	SMAD4	SMAD4 R361H
18	48591919	48591919	G	A	SNV	PACA	SMAD4	SMAD4 R265H
18	48591931	48591931	G	A	SNV	PACA	SMAD4	SMAD4 G365D
18	48591931	48591931	G	A	SNV	PACA	SMAD4	SMAD4 G269D
18	48591838	48591855	AGGTAGGAGAGACATTTA	-	indel	BTCA	SMAD4	SMAD4 Q270*
18	48591838	48591855	AGGTAGGAGAGACATTTA	-	indel	BTCA	SMAD4	SMAD4 Q366*
18	48591919	48591919	G	A	SNV	PACA	SMAD4	SMAD4 G386V
18	48591919	48591919	G	A	SNV	PACA	SMAD4	SMAD4 G290V
18	48593406	48593406	G	C	SNV	PACA	SMAD4	SMAD4 G386A
18	48593406	48593406	G	C	SNV	PACA	SMAD4	SMAD4 G290A
18	48593406	48593406	G	C	SNV	PACA	SMAD4	SMAD4 GDV395
18	48593406	48593406	G	C	SNV	PACA	SMAD4	SMAD4 GDV299
18	48593466	48593466	C	T	SNV	ESAD	SMAD4	SMAD4 A406V
18	48593466	48593466	C	T	SNV	ESAD	SMAD4	SMAD4 A310V
18	48593485	48593485	C	G	SNV	PACA	SMAD4	SMAD4 Y412*
18	48593485	48593485	C	G	SNV	PACA	SMAD4	SMAD4 Y1*
18	48591825	48591825	G	A	SNV	PACA	SMAD4	SMAD4 A325A
18	48593533	48593533	G	T	SNV	PACA	SMAD4	SMAD4 K332N
18	48593533	48593533	G	T	SNV	PACA	SMAD4	SMAD4 K428N
18	48603011	48603012	TT	-	indel	PACA	SMAD4	SMAD4 F438
18	48603013	48603029	TGATTTGCGTCAGTGTC	-	indel	PACA	SMAD4	SMAD4 FDLRQCH438
18	48603032	48603032	C	T	SNV	PACA	SMAD4	SMAD4 R34*
18	48603032	48603032	C	T	SNV	PACA	SMAD4	SMAD4 R349*
18	48603043	48603067	GCAGCAGGCGGCTACTGCACAAGCT	-	indel	ESAD	SMAD4	SMAD4 QQQAATAQA37
18	48603098	48603098	G	T	SNV	PACA	SMAD4	SMAD4 G467*
18	48603140	48603154	GCTATCAGTAAGTAT	-	indel	PACA	SMAD4	SMAD4 AISKY70
18	48603140	48603154	GCTATCAGTAAGTAT	-	indel	PACA	SMAD4	SMAD4 AIS481
18	48604747	48604747	C	G	SNV	GACA	SMAD4	SMAD4 C427W
18	48604747	48604747	C	G	SNV	GACA	SMAD4	SMAD4 C523W
18	48604748	48604748	T	C	SNV	PACA	SMAD4	SMAD4 W428R
18	48604748	48604748	T	C	SNV	PACA	SMAD4	SMAD4 W524R
18	48604755	48604755	A	T	SNV	PACA	SMAD4	SMAD4 E526V
18	48604755	48604755	A	T	SNV	PACA	SMAD4	SMAD4 E430V
18	48604765	48604769	ACACC	-	indel	ESAD	SMAD4	SMAD4 LHR433
18	48604765	48604769	ACACC	-	indel	ESAD	SMAD4	SMAD4 LHR529
18	48604776	48604776	T	C	SNV	PACA	SMAD4	SMAD4 L437P
18	48604776	48604776	T	C	SNV	PACA	SMAD4	SMAD4 L533P
18	48604786	48604791	AGACGA	-	indel	PACA	SMAD4	SMAD4 LDE536L
18	48604786	48604791	AGACGA	-	indel	PACA	SMAD4	SMAD4 LDE440L
18	48604835	48604835	T	C	SNV	PACA	SMAD4	SMAD4 *553R
18	48604835	48604835	T	C	SNV	PACA	SMAD4	SMAD4 *457R
18	48604835	48604835	T	G	SNV	PACA	SMAD4	SMAD4 *553G
18	48604835	48604835	T	G	SNV	PACA	SMAD4	SMAD4 *457G
18	48604837	48604837	A	G	SNV	BTCA	SMAD4	SMAD4 *553W
18	48604837	48604837	A	G	SNV	BTCA	SMAD4	SMAD4 *457W
19	1207162	1207162	A	T	SNV	PACA	STK11	STK11 K84*
19	10600022	10600023	AC	-	indel	LIRI	KEAP1	KEAP1 C518
19	10600446	10600446	C	T	SNV	LIRI	KEAP1	KEAP1 R76H
19	10600476	10600476	C	A	SNV	LIRI	KEAP1	KEAP1 R460M
19	10610107	10610107	C	G	SNV	PRAD	KEAP1	KEAP1 Q201H
19	10610227	10610227	C	T	SNV	LIRI	KEAP1	KEAP1 M161I
2	25457163	25457163	A	T	SNV	CMDI	DNMT3A	DNMT3A Y685*
2	25457176	25457176	G	A	SNV	CMDI	DNMT3A	DNMT3A P681L
2	25457242	25457242	C	T	SNV	CMDI	DNMT3A	DNMT3A R882H
2	25457243	25457243	G	A	SNV	PRAD	DNMT3A	DNMT3A R659C
2	25458649	25458649	G	A	SNV	BRCA	DNMT3A	DNMT3A Q842*
2	25458649	25458649	G	A	SNV	BRCA	DNMT3A	DNMT3A Q619*
2	25458686	25458686	T	-	indel	LAML	DNMT3A	DNMT3A K829
2	25458686	25458686	T	-	indel	LAML	DNMT3A	DNMT3A K606
2	25463173	25463173	C	T	SNV	ORCA	DNMT3A	DNMT3A E774K
2	25505372	25505372	G	C	SNV	LIRI	DNMT3A	DNMT3A S129*
2	209101803	209101803	T	G	SNV	BRCA	IDH1	IDH1 *415Y
2	209108283	209108283	A	G	SNV	PRAD	IDH1	IDH1 I189T
22	30057302	30057302	C	T	SNV	OV	NF2	NF2 R221*
22	30057302	30057302	C	T	SNV	OV	NF2	NF2 R262*
3	10183697	10183707	GCCGGGCGGCC	-	indel	RECA	VHL	VHL AGRP56
3	10183700	10183700	G	-	indel	RECA	VHL	VHL G57
3	10183725	10183725	C	T	SNV	RECA	VHL	VHL S65L
3	10183725	10183725	C	T	SNV	RECA	VHL	VHL S65*
3	10183700	10183700	G	-	indel	RECA	VHL	VHL P71
3	10183697	10183707	GCCGGGCGGCC	-	indel	RECA	VHL	VHL C77*
3	10183700	10183700	G	-	indel	RECA	VHL	VHL W88*
3	10183700	10183700	G	-	indel	RECA	VHL	VHL L89H
3	10183725	10183725	C	T	SNV	RECA	VHL	VHL NFDGE90
3	10183697	10183707	GCCGGGCGGCC	-	indel	RECA	VHL	VHL E94*
3	10183817	10183817	C	T	SNV	RECA	VHL	VHL Q96*
3	10183697	10183707	GCCGGGCGGCC	-	indel	RECA	VHL	VHL Y98
3	10183833	10183833	T	C	SNV	RECA	VHL	VHL L101P
3	10183700	10183700	G	-	indel	RECA	VHL	VHL T105
3	10183725	10183725	C	T	SNV	RECA	VHL	VHL I109N
3	10183697	10183707	GCCGGGCGGCC	-	indel	RECA	VHL	VHL S111N
3	10183725	10183725	C	T	SNV	RECA	VHL	VHL R113*
3	10188196	10188196	A	C	SNV	RECA	VHL	VHL W117
3	10188212	10188212	T	-	indel	RECA	VHL	VHL F119
3	10188212	10188212	T	-	indel	RECA	VHL	VHL G123
3	10188212	10188212	T	-	indel	RECA	VHL	VHL D126
3	10188212	10188212	T	-	indel	RECA	VHL	VHL Q132*
3	10188196	10188196	A	C	SNV	RECA	VHL	VHL G144
3	10188314	10188324	CTGCCAGGTAC	-	indel	RECA	VHL	VHL LPV153
3	10188196	10188196	A	C	SNV	RECA	VHL	VHL C121Y
3	10191462	10191473	CCCTTCCAGTGT	-	indel	RECA	VHL	VHL LVKP128
3	10188212	10188212	T	-	indel	RECA	VHL	VHL LVKPENY128
3	10188212	10188212	T	-	indel	RECA	VHL	VHL LVKPENY169
3	10188196	10188196	A	C	SNV	RECA	VHL	VHL VKPENYRR129
3	10188196	10188196	A	C	SNV	RECA	VHL	VHL E132
3	10188212	10188212	T	-	indel	RECA	VHL	VHL Y134
3	10188212	10188212	T	-	indel	RECA	VHL	VHL Y175
3	10191536	10191536	A	T	SNV	RECA	VHL	VHL R177*
3	10188314	10188324	CTGCCAGGTAC	-	indel	RECA	VHL	VHL L178P
3	10188314	10188324	CTGCCAGGTAC	-	indel	RECA	VHL	VHL L137P
3	10191563	10191563	G	-	indel	RECA	VHL	VHL E186
3	41266027	41266027	G	A	SNV	GACA	CTNNB1	CTNNB1 M8I
3	41266070	41266141	AGTCACTGGCAGCAACAGTCTTACCTGGACTCTGGAATCCATTCTGGTGCCACTACCACAGCTCCTTCTCTG	-	indel	PRAD	CTNNB1	CTNNB1 SHWQQQSYLDSGIHSGATTTAPSL23
3	41266089	41266089	C	T	SNV	LINC	CTNNB1	CTNNB1 S29F
3	41266097	41266097	G	C	SNV	LIRI	CTNNB1	CTNNB1 D32H
3	41266097	41266097	G	C	SNV	LIRI	CTNNB1	CTNNB1 D25H
3	41266097	41266097	G	A	SNV	LIRI	CTNNB1	CTNNB1 D25N
3	41266097	41266097	G	T	SNV	LIRI	CTNNB1	CTNNB1 D32Y
3	41266098	41266098	A	G	SNV	LICA	CTNNB1	CTNNB1 D32G
3	41266098	41266098	A	T	SNV	LIRI	CTNNB1	CTNNB1 D25V
3	41266097	41266097	G	A	SNV	LIRI	CTNNB1	CTNNB1 S26T
3	41266100	41266100	T	C	SNV	LIRI	CTNNB1	CTNNB1 S33P
3	41266101	41266101	C	G	SNV	LIRI	CTNNB1	CTNNB1 S26C
3	41266101	41266101	C	A	SNV	LIRI	CTNNB1	CTNNB1 S33Y
3	41266101	41266101	C	G	SNV	LIRI	CTNNB1	CTNNB1 S26F
3	41266103	41266103	G	C	SNV	LIRI	CTNNB1	CTNNB1 G34R
3	41266104	41266104	G	A	SNV	LINC	CTNNB1	CTNNB1 G34E
3	41266107	41266107	T	G	SNV	LIRI	CTNNB1	CTNNB1 I28S
3	41266110	41266110	A	C	SNV	LIRI	CTNNB1	CTNNB1 H36P
3	41266110	41266110	A	G	SNV	LIRI	CTNNB1	CTNNB1 H29R
3	41266112	41266112	T	C	SNV	LINC	CTNNB1	CTNNB1 S37P
3	41266113	41266113	C	A	SNV	ESAD	CTNNB1	CTNNB1 S37Y
3	41266113	41266113	C	T	SNV	LIRI	CTNNB1	CTNNB1 S30F
3	41266113	41266113	C	T	SNV	LIRI	CTNNB1	CTNNB1 S30C
3	41266120	41266152	CACTACCACAGCTCCTTCTCTGAGTGGTAAAGG	-	indel	LIRI	CTNNB1	CTNNB1 ATTTAPSLSGKG32A
3	41266124	41266124	A	G	SNV	LIRI	CTNNB1	CTNNB1 T41A
3	41266125	41266125	C	T	SNV	PRAD	CTNNB1	CTNNB1 T41I
3	41266136	41266136	T	C	SNV	LIRI	CTNNB1	CTNNB1 S45P
3	41266136	41266136	T	C	SNV	LIRI	CTNNB1	CTNNB1 S38P
3	41266136	41266136	T	G	SNV	LIRI	CTNNB1	CTNNB1 S45A
3	41266136	41266136	T	G	SNV	LIRI	CTNNB1	CTNNB1 S38A
3	41266137	41266137	C	T	SNV	PACA	CTNNB1	CTNNB1 S38F
3	41266137	41266137	C	A	SNV	LIRI	CTNNB1	CTNNB1 S45Y
3	41266155	41266155	A	C	SNV	LIRI	CTNNB1	CTNNB1 N51T
3	41268766	41268766	A	T	SNV	ESAD	CTNNB1	CTNNB1 K328I
3	41268766	41268766	A	C	SNV	LIRI	CTNNB1	CTNNB1 K335T
3	41274885	41274885	C	A	SNV	LIRI	CTNNB1	CTNNB1 Q379K
3	41274897	41274897	T	C	SNV	LIRI	CTNNB1	CTNNB1 W383R
3	178916640	178916666	ACTGTGGGGCATCCACTTGATGCCCCC	-	indel	BRCA	PIK3CA	PIK3CA ELWGIHLMPP9E
3	178916640	178916666	ACTGTGGGGCATCCACTTGATGCCCCC	-	indel	BRCA	PIK3CA	PIK3CA E81K
3	178916920	178916925	GAACCA	-	indel	BRCA	PIK3CA	PIK3CA EP103
3	178916924	178916924	C	T	SNV	BRCA	PIK3CA	PIK3CA P104L
3	178916640	178916666	ACTGTGGGGCATCCACTTGATGCCCCC	-	indel	BRCA	PIK3CA	PIK3CA GNR106
3	178916920	178916925	GAACCA	-	indel	BRCA	PIK3CA	PIK3CA N107I
3	178916944	178916944	A	G	SNV	PACA	PIK3CA	PIK3CA K111E
3	178916640	178916666	ACTGTGGGGCATCCACTTGATGCCCCC	-	indel	BRCA	PIK3CA	PIK3CA K111N
3	178916924	178916924	C	T	SNV	BRCA	PIK3CA	PIK3CA G118D
3	178916924	178916924	C	T	SNV	BRCA	PIK3CA	PIK3CA P316A
3	178921549	178921549	T	G	SNV	MALY	PIK3CA	PIK3CA V344G
3	178916944	178916944	A	G	SNV	PACA	PIK3CA	PIK3CA N345K
3	178922324	178922324	G	A	SNV	BTCA	PIK3CA	PIK3CA E365K
3	178922324	178922324	G	A	SNV	BTCA	PIK3CA	PIK3CA C378Y
3	178922324	178922324	G	A	SNV	BTCA	PIK3CA	PIK3CA D395Y
3	178922324	178922324	G	A	SNV	BTCA	PIK3CA	PIK3CA CP420
3	178922324	178922324	G	A	SNV	BTCA	PIK3CA	PIK3CA P449T
3	178922324	178922324	G	A	SNV	BTCA	PIK3CA	PIK3CA HGLEDL450L
3	178922324	178922324	G	A	SNV	BTCA	PIK3CA	PIK3CA E453K
3	178936082	178936082	G	A	SNV	PACA	PIK3CA	PIK3CA E542K
3	178936091	178936091	G	A	SNV	LINC	PIK3CA	PIK3CA E545K
3	178936082	178936082	G	A	SNV	PACA	PIK3CA	PIK3CA Q546K
3	178936082	178936082	G	A	SNV	PACA	PIK3CA	PIK3CA Q546R
3	178936082	178936082	G	A	SNV	PACA	PIK3CA	PIK3CA Q546P
3	178936082	178936082	G	A	SNV	PACA	PIK3CA	PIK3CA K548T
3	178936091	178936091	G	A	SNV	LINC	PIK3CA	PIK3CA L755V
3	178936082	178936082	G	A	SNV	PACA	PIK3CA	PIK3CA M789L
3	178952074	178952074	G	A	SNV	BRCA	PIK3CA	PIK3CA M1043I
3	178952084	178952084	C	T	SNV	PRAD	PIK3CA	PIK3CA H1047Y
3	178952084	178952084	C	T	SNV	PRAD	PIK3CA	PIK3CA H1047R
3	178952084	178952084	C	T	SNV	PRAD	PIK3CA	PIK3CA H1047L
3	178952074	178952074	G	A	SNV	BRCA	PIK3CA	PIK3CA *1069W
4	55593608	55593608	G	T	SNV	GACA	KIT	KIT K558N
4	55594221	55594221	A	G	SNV	MELA	KIT	KIT K642E
4	55599320	55599322	GAC	-	indel	LAML	KIT	KIT D812
4	55599320	55599322	GAC	-	indel	LAML	KIT	KIT D816Y
4	55599320	55599322	GAC	-	indel	LAML	KIT	KIT N818K
4	106155565	106155565	C	T	SNV	LIRI	TET2	TET2 Q156*
4	106156180	106156180	C	T	SNV	CMDI	TET2	TET2 Q361*
4	106157053	106157053	C	T	SNV	CMDI	TET2	TET2 Q652*
4	106157946	106157950	TGCTG	-	indel	CMDI	TET2	TET2 HAA970
4	106158199	106158199	C	T	SNV	MALY	TET2	TET2 Q1055*
4	106164860	106164860	A	G	SNV	CMDI	TET2	TET2 K1243R
4	106190802	106190802	G	-	indel	CMDI	TET2	TET2 L1360
4	106196621	106196621	C	T	SNV	PAEN	TET2	TET2 Q1652*
5	112102928	112102928	G	-	indel	BTCA	APC	APC R88
5	112128143	112128143	C	T	SNV	PRAD	APC	APC R216*
5	112154897	112154898	AT	-	indel	ESAD	APC	APC I372
5	112162825	112162825	G	T	SNV	LIRI	APC	APC E459*
5	112174107	112174107	A	C	SNV	ESAD	APC	APC K939T
5	112174107	112174107	A	C	SNV	ESAD	APC	APC K921T
5	112174241	112174241	G	T	SNV	GACA	APC	APC E984*
5	112174241	112174241	G	T	SNV	GACA	APC	APC E966*
5	112174884	112174884	C	G	SNV	LIRI	APC	APC S1198*
5	112175513	112175513	G	-	indel	PRAD	APC	APC E1408
5	112175639	112175639	C	T	SNV	PACA	APC	APC R1450*
5	112176184	112176184	T	-	indel	ESAD	APC	APC S1631
5	112176863	112176863	C	T	SNV	PACA	APC	APC R1858*
5	112177101	112177101	C	-	indel	PACA	APC	APC S1937
7	55240762	55240762	G	A	SNV	ESAD	EGFR	EGFR R616Q
7	55240795	55240795	G	A	SNV	BRCA	EGFR	EGFR R635Q
7	116435985	116435985	G	T	SNV	RECA	MET	MET R1327L
7	140434475	140434476	CT	-	indel	LIRI	BRAF	BRAF E741
7	140434475	140434476	CT	-	indel	LIRI	BRAF	BRAF I724M
7	140453123	140453123	C	A	SNV	MELA	BRAF	BRAF W604C
7	140453123	140453123	C	A	SNV	MELA	BRAF	BRAF W211C
7	140453132	140453132	T	A	SNV	CLLE	BRAF	BRAF K208N
7	140453132	140453132	T	A	SNV	CLLE	BRAF	BRAF K601N
7	140453123	140453123	C	A	SNV	MELA	BRAF	BRAF K601E
7	140453123	140453123	C	A	SNV	MELA	BRAF	BRAF K208E
7	140453132	140453132	T	A	SNV	CLLE	BRAF	BRAF V207E
7	140453132	140453132	T	A	SNV	CLLE	BRAF	BRAF V600E
7	140453132	140453132	T	A	SNV	CLLE	BRAF	BRAF L204Q
7	140453132	140453132	T	A	SNV	CLLE	BRAF	BRAF L597Q
7	140453132	140453132	T	A	SNV	CLLE	BRAF	BRAF D201G
7	140453132	140453132	T	A	SNV	CLLE	BRAF	BRAF D594G
7	140453154	140453154	T	G	SNV	LIRI	BRAF	BRAF D201A
7	140453154	140453154	T	A	SNV	GACA	BRAF	BRAF D201V
7	140453155	140453155	C	T	SNV	LIRI	BRAF	BRAF D594N
7	140476763	140476763	A	T	SNV	RECA	BRAF	BRAF F155Y
7	140476763	140476763	A	T	SNV	RECA	BRAF	BRAF E108K
7	140476763	140476763	A	T	SNV	RECA	BRAF	BRAF NVTAPT93T
7	140481402	140481402	C	G	SNV	CLLE	BRAF	BRAF G76A
7	140481412	140481412	C	T	SNV	MELA	BRAF	BRAF G466R
7	140481402	140481402	C	G	SNV	CLLE	BRAF	BRAF E58D
7	140494208	140494208	C	G	SNV	ESAD	BRAF	BRAF R347P
8	128750638	128750638	G	A	SNV	MALY	MYC	MYC A59T
8	128750639	128750639	C	T	SNV	MALY	MYC	MYC R33C
8	128750673	128750673	G	A	SNV	MALY	MYC	MYC C44Y
8	128750677	128750677	C	T	SNV	MALY	MYC	MYC P71S
8	128750681	128750681	C	A	SNV	MALY	MYC	MYC T73N
8	128750683	128750683	C	T	SNV	MALY	MYC	MYC P73S
8	128750686	128750686	C	G	SNV	MALY	MYC	MYC P75A
8	128750953	128750953	C	G	SNV	MALY	MYC	MYC L164V
9	5070022	5070027	TCACAA	-	indel	CMDI	JAK2	JAK2 FHK537L
9	21970948	21970975	GTGCCCCCCGCAGCCGCGCGCAGGTACC	-	indel	PACA	CDKN2A	CDKN2A RYLRAAAGGT128
9	21970969	21970969	A	T	SNV	PACA	CDKN2A	CDKN2A L130Q
9	21970979	21970981	CGA	-	indel	ESAD	CDKN2A	CDKN2A VA126A
9	21971000	21971000	C	A	SNV	PACA	CDKN2A	CDKN2A E69*
9	21971015	21971057	CGGGCAGACGGCCCCAGGCATCGCGCACGTCCAGCCGCGCCCC	-	indel	PACA	CDKN2A	CDKN2A GARLDVRDAWGRLPV101
9	21971028	21971028	C	T	SNV	PACA	CDKN2A	CDKN2A W110*
9	21971028	21971028	C	T	SNV	PACA	CDKN2A	CDKN2A G166R
9	21971029	21971029	C	T	SNV	PACA	CDKN2A	CDKN2A W59*
9	21971029	21971029	C	T	SNV	PACA	CDKN2A	CDKN2A L165L
9	21971030	21971030	A	G	SNV	PACA	CDKN2A	CDKN2A W110R
9	21971030	21971030	A	G	SNV	PACA	CDKN2A	CDKN2A L124P
9	21971035	21971062	TCGCGCACGTCCAGCCGCGCCCCGGCCC	-	indel	BOCA	CDKN2A	CDKN2A RAGARLDVRD99
9	21971035	21971062	TCGCGCACGTCCAGCCGCGCCCCGGCCC	-	indel	BOCA	CDKN2A	CDKN2A PGRGAAGRAR154
9	21971040	21971045	CACGTC	-	indel	PACA	CDKN2A	CDKN2A DV105
9	21971040	21971045	CACGTC	-	indel	PACA	CDKN2A	CDKN2A GRA119A
9	21971048	21971048	G	C	SNV	PACA	CDKN2A	CDKN2A A159G
9	21971048	21971048	G	C	SNV	PACA	CDKN2A	CDKN2A A118G
9	21971053	21971053	G	A	SNV	ESAD	CDKN2A	CDKN2A A51V
9	21971062	21971062	C	G	SNV	ESAD	CDKN2A	CDKN2A R48P
9	21971062	21971062	C	G	SNV	ESAD	CDKN2A	CDKN2A P113P
9	21971076	21971078	CAG	-	indel	PACA	CDKN2A	CDKN2A L43
9	21971076	21971078	CAG	-	indel	PACA	CDKN2A	CDKN2A L94
9	21971076	21971078	CAG	-	indel	PACA	CDKN2A	CDKN2A AG149G
9	21971087	21971088	GG	-	indel	PACA	CDKN2A	CDKN2A FL39
9	21971087	21971088	GG	-	indel	PACA	CDKN2A	CDKN2A P146
9	21971090	21971090	A	G	SNV	MELA	CDKN2A	CDKN2A F90L
9	21971090	21971090	A	G	SNV	MELA	CDKN2A	CDKN2A F39L
9	21971094	21971094	C	T	SNV	MELA	CDKN2A	CDKN2A G103R
9	21971094	21971094	C	T	SNV	MELA	CDKN2A	CDKN2A E88E
9	21971096	21971096	C	T	SNV	MELA	CDKN2A	CDKN2A E88K
9	21971096	21971096	C	T	SNV	MELA	CDKN2A	CDKN2A G143E
9	21971105	21971113	CGTCGTGCA	-	indel	PACA	CDKN2A	CDKN2A VHDA82A
9	21971108	21971108	C	T	SNV	PACA	CDKN2A	CDKN2A R139Q
9	21971108	21971108	C	T	SNV	PACA	CDKN2A	CDKN2A D84N
9	21971110	21971110	T	C	SNV	ESAD	CDKN2A	CDKN2A H83R
9	21971110	21971110	T	C	SNV	ESAD	CDKN2A	CDKN2A H32R
9	21971111	21971111	G	A	SNV	PACA	CDKN2A	CDKN2A H83Y
9	21971120	21971120	G	A	SNV	PACA	CDKN2A	CDKN2A R29*
9	21971120	21971120	G	A	SNV	PACA	CDKN2A	CDKN2A P94L
9	21971120	21971120	G	A	SNV	PACA	CDKN2A	CDKN2A P135L
9	21971120	21971121	GG	-	indel	MELA	CDKN2A	CDKN2A TR28
9	21971120	21971121	GG	-	indel	MELA	CDKN2A	CDKN2A TR79
9	21971131	21971141	GCGGGGTCGGC	-	indel	LIRI	CDKN2A	CDKN2A ADPA73
9	21971131	21971141	GCGGGGTCGGC	-	indel	LIRI	CDKN2A	CDKN2A RRPR128
9	21971145	21971153	GTTGGGCTC	-	indel	PACA	CDKN2A	CDKN2A EPN69
9	21971145	21971153	GTTGGGCTC	-	indel	PACA	CDKN2A	CDKN2A GAQL124V
9	21971149	21971172	GGCTCCGCGCCGTGGAGCAGCAGC	-	indel	PACA	CDKN2A	CDKN2A LLLLHGAEP11L
9	21971149	21971172	GGCTCCGCGCCGTGGAGCAGCAGC	-	indel	PACA	CDKN2A	CDKN2A LLLLHGAEP62L
9	21971149	21971172	GGCTCCGCGCCGTGGAGCAGCAGC	-	indel	PACA	CDKN2A	CDKN2A AAAPRRGA118
9	21971150	21971173	GCTCCGCGCCGTGGAGCAGCAGCA	-	indel	ESAD	CDKN2A	CDKN2A AAAAPRRGA117A
9	21971150	21971178	GCTCCGCGCCGTGGAGCAGCAGCAGCTCC	-	indel	PACA	CDKN2A	CDKN2A GAAAAPRRGA75
9	21971177	21971177	C	A	SNV	MELA	CDKN2A	CDKN2A E10*
9	21971177	21971177	C	A	SNV	MELA	CDKN2A	CDKN2A G116V
9	21971177	21971177	C	A	SNV	MELA	CDKN2A	CDKN2A G75V
9	21971186	21971186	G	A	SNV	ESAD	CDKN2A	CDKN2A P72L
9	21971186	21971186	G	A	SNV	ESAD	CDKN2A	CDKN2A P113L
9	21971206	21971206	A	T	SNV	PACA	CDKN2A	CDKN2A V51D
9	21974726	21974775	GCCTCCAGCAGCGCCCGCACCTCCTCTACCCGACCCCGGGCCGCGGCCGT	-	indel	ESAD	CDKN2A	CDKN2A TAAARGRVEEVRALLEA18
9	21974777	21974780	GCCA	-	indel	PACA	CDKN2A	CDKN2A LA16
9	21974777	21974780	GCCA	-	indel	PACA	CDKN2A	CDKN2A G6
9	98229543	98229570	TATATACATGTTGTAGAAAGAAAAGTAT	-	indel	PBCA	PTCH1	PTCH1 KYFSFYNMYI730
9	98232138	98232138	G	A	SNV	PBCA	PTCH1	PTCH1 R536*
9	98232196	98232198	CAC	-	indel	PBCA	PTCH1	PTCH1 V247
9	98239980	98239983	GCGA	-	indel	PBCA	PTCH1	PTCH1 LA384
9	98240355	98240360	GGCCAC	-	indel	PBCA	PTCH1	PTCH1 VA291
9	98240355	98240360	GGCCAC	-	indel	PBCA	PTCH1	PTCH1 VA376
9	98241377	98241377	C	A	SNV	PBCA	PTCH1	PTCH1 E223*
9	98241412	98241412	G	T	SNV	PBCA	PTCH1	PTCH1 T361N
9	98241412	98241412	G	T	SNV	PBCA	PTCH1	PTCH1 T211N
9	98242717	98242717	G	-	indel	PBCA	PTCH1	PTCH1 A149
9	98242717	98242717	G	-	indel	PBCA	PTCH1	PTCH1 A20
9	98242730	98242730	C	A	SNV	PBCA	PTCH1	PTCH1 C230F
9	98242730	98242730	C	A	SNV	PBCA	PTCH1	PTCH1 C16F
9	98244300	98244300	C	-	indel	PBCA	PTCH1	PTCH1 C75
9	98244300	98244300	C	-	indel	PBCA	PTCH1	PTCH1 C225
9	98248030	98248030	G	A	SNV	PBCA	PTCH1	PTCH1 A23V
9	98248030	98248030	G	A	SNV	PBCA	PTCH1	PTCH1 A108V
9	98268804	98268804	G	-	indel	PBCA	PTCH1	PTCH1 Y93
9	139396280	139396280	A	G	SNV	LIRI	NOTCH1	NOTCH1 L1853P
9	139393712	139393712	C	T	SNV	ESAD	NOTCH1	NOTCH1 R1683Q
9	139393712	139393712	C	T	SNV	ESAD	NOTCH1	NOTCH1 N1484S
9	139390152	139390152	T	C	SNV	CLLE	NOTCH1	NOTCH1 E943K
9	139390152	139390152	T	C	SNV	CLLE	NOTCH1	NOTCH1 N753T
9	139409090	139409090	G	C	SNV	PBCA	NOTCH1	NOTCH1 C693W
9	139409090	139409090	G	C	SNV	PBCA	NOTCH1	NOTCH1 D545V
9	139412215	139412215	A	G	SNV	ESAD	NOTCH1	NOTCH1 I477T
9	139412215	139412215	A	G	SNV	ESAD	NOTCH1	NOTCH1 C467W
9	139413070	139413072	AGA	-	indel	ORCA	NOTCH1	NOTCH1 FY357Y
9	139413070	139413072	AGA	-	indel	ORCA	NOTCH1	NOTCH1 G309R
