"","chr","from_hg19","to_hg19","ref","alt","ttype","driver_gene","mut_type","driver","from_hg38","to_hg38"
"1","chr1",115256502,115256508,"TGGTCTC","-","PACA","NRAS","indel","NRAS RDQ68",114713881,114713887
"2","chr1",115256502,115256508,"TGGTCTC","-","PACA","NRAS","indel","NRAS A66",114713881,114713887
"3","chr1",115256528,115256528,"T","G","MALY","NRAS","SNV","NRAS Q61H",114713907,114713907
"4","chr1",115256529,115256529,"T","C","MELA","NRAS","SNV","NRAS Q61R",114713908,114713908
"5","chr1",115256528,115256528,"T","G","MALY","NRAS","SNV","NRAS Q61K",114713907,114713907
"6","chr1",115258744,115258744,"C","T","LAML","NRAS","SNV","NRAS G13D",114716123,114716123
"7","chr1",115258744,115258744,"C","T","LAML","NRAS","SNV","NRAS G12D",114716123,114716123
"8","chr1",115258747,115258747,"C","G","MELA","NRAS","SNV","NRAS G12A",114716126,114716126
"9","chr1",115258748,115258748,"C","A","MELA","NRAS","SNV","NRAS G12C",114716127,114716127
"10","chr10",89624260,89624260,"A","G","MALY","PTEN","SNV","PTEN N12D",87864503,87864503
"11","chr10",89653797,89653797,"T","G","BRCA","PTEN","SNV","PTEN I32S",87894040,87894040
"12","chr10",89653797,89653797,"T","G","BRCA","PTEN","SNV","PTEN I33T",87894040,87894040
"13","chr10",89653829,89653829,"G","T","PACA","PTEN","SNV","PTEN E43*",87894072,87894072
"14","chr10",89685294,89685294,"C","-","BRCA","PTEN","indel","PTEN N63",87925537,87925537
"15","chr10",89685294,89685294,"C","-","BRCA","PTEN","indel","PTEN Y68H",87925537,87925537
"16","chr10",89685294,89685294,"C","-","BRCA","PTEN","indel","PTEN H75",87925537,87925537
"17","chr10",89692755,89692776,"ATCTTTTTACCACAGTTGCACA","-","BRCA","PTEN","indel","PTEN VAQ85",87932998,87933019
"18","chr10",89685294,89685294,"C","-","BRCA","PTEN","indel","PTEN P95L",87925537,87925537
"19","chr10",89685294,89685294,"C","-","BRCA","PTEN","indel","PTEN I101T",87925537,87925537
"20","chr10",89685294,89685294,"C","-","BRCA","PTEN","indel","PTEN P103",87925537,87925537
"21","chr10",89685294,89685294,"C","-","BRCA","PTEN","indel","PTEN R130*",87925537,87925537
"22","chr10",89685294,89685294,"C","-","BRCA","PTEN","indel","PTEN R130Q",87925537,87925537
"23","chr10",89685294,89685294,"C","-","BRCA","PTEN","indel","PTEN G132S",87925537,87925537
"24","chr10",89685294,89685294,"C","-","BRCA","PTEN","indel","PTEN G132V",87925537,87925537
"25","chr10",89685294,89685294,"C","-","BRCA","PTEN","indel","PTEN M134R",87925537,87925537
"26","chr10",89685294,89685294,"C","-","BRCA","PTEN","indel","PTEN Q149*",87925537,87925537
"27","chr10",89685294,89685294,"C","-","BRCA","PTEN","indel","PTEN D153",87925537,87925537
"28","chr10",89685294,89685294,"C","-","BRCA","PTEN","indel","PTEN R159S",87925537,87925537
"29","chr10",89711877,89711889,"AGTAACTATTCCC","-","LIRI","PTEN","indel","PTEN GVTIP165",87952120,87952132
"30","chr10",89711873,89711873,"A","T","PRAD","PTEN","SNV","PTEN Q171*",87952116,87952116
"31","chr10",89711873,89711873,"A","T","PRAD","PTEN","SNV","PTEN P204Q",87952116,87952116
"32","chr10",89711877,89711889,"AGTAACTATTCCC","-","LIRI","PTEN","indel","PTEN G209*",87952120,87952132
"33","chr10",89711877,89711889,"AGTAACTATTCCC","-","LIRI","PTEN","indel","PTEN CN211",87952120,87952132
"34","chr10",89711873,89711873,"A","T","PRAD","PTEN","SNV","PTEN S229*",87952116,87952116
"35","chr10",89711873,89711873,"A","T","PRAD","PTEN","SNV","PTEN R233*",87952116,87952116
"36","chr10",89711877,89711889,"AGTAACTATTCCC","-","LIRI","PTEN","indel","PTEN Q245*",87952120,87952132
"37","chr10",89711873,89711873,"A","T","PRAD","PTEN","SNV","PTEN L247",87952116,87952116
"38","chr10",89711877,89711889,"AGTAACTATTCCC","-","LIRI","PTEN","indel","PTEN I253N",87952120,87952132
"39","chr10",89711877,89711889,"AGTAACTATTCCC","-","LIRI","PTEN","indel","PTEN L265",87952120,87952132
"40","chr10",89711873,89711873,"A","T","PRAD","PTEN","SNV","PTEN I300",87952116,87952116
"41","chr10",89711873,89711873,"A","T","PRAD","PTEN","SNV","PTEN D310G",87952116,87952116
"42","chr10",89711873,89711873,"A","T","PRAD","PTEN","SNV","PTEN VL317",87952116,87952116
"43","chr10",89711877,89711889,"AGTAACTATTCCC","-","LIRI","PTEN","indel","PTEN ND323N",87952120,87952132
"44","chr10",123274794,123274794,"T","C","LIRI","FGFR2","SNV","FGFR2 Y286C",121515280,121515280
"45","chr10",123274794,123274794,"T","C","LIRI","FGFR2","SNV","FGFR2 Y376C",121515280,121515280
"46","chr10",123279677,123279677,"G","C","BTCA","FGFR2","SNV","FGFR2 S137W",121520163,121520163
"47","chr10",123279677,123279677,"G","C","BTCA","FGFR2","SNV","FGFR2 S252W",121520163,121520163
"48","chr11",534288,534288,"C","A","ORCA","HRAS","SNV","HRAS G12V",534288,534288
"49","chr12",25380275,25380275,"T","G","PACA","KRAS","SNV","KRAS Q61H",25227341,25227341
"50","chr12",25380276,25380276,"T","A","PACA","KRAS","SNV","KRAS Q61L",25227342,25227342
"51","chr12",25380276,25380276,"T","C","PACA","KRAS","SNV","KRAS Q61R",25227342,25227342
"52","chr12",25398255,25398255,"G","T","PBCA","KRAS","SNV","KRAS Q22K",25245321,25245321
"53","chr12",25398262,25398262,"C","G","PBCA","KRAS","SNV","KRAS L19F",25245328,25245328
"54","chr12",25398281,25398281,"C","T","PACA","KRAS","SNV","KRAS G13D",25245347,25245347
"55","chr12",25398284,25398284,"C","A","PACA","KRAS","SNV","KRAS G12V",25245350,25245350
"56","chr12",25398262,25398262,"C","G","PBCA","KRAS","SNV","KRAS G12D",25245328,25245328
"57","chr12",25398284,25398284,"C","G","PACA","KRAS","SNV","KRAS G12A",25245350,25245350
"58","chr12",25398285,25398285,"C","G","PACA","KRAS","SNV","KRAS G12R",25245351,25245351
"59","chr12",25398262,25398262,"C","G","PBCA","KRAS","SNV","KRAS G12S",25245328,25245328
"60","chr12",25398284,25398284,"C","A","PACA","KRAS","SNV","KRAS G12C",25245350,25245350
"61","chr12",112888189,112888189,"G","A","PBCA","PTPN11","SNV","PTPN11 E69K",112450385,112450385
"62","chr12",112888189,112888189,"G","A","PBCA","PTPN11","SNV","PTPN11 E76K",112450385,112450385
"63","chr12",112888189,112888189,"G","A","PBCA","PTPN11","SNV","PTPN11 E76A",112450385,112450385
"64","chr13",32912849,32912849,"A","T","OV","BRCA2","SNV","BRCA2 K1453*",32338712,32338712
"65","chr13",32914574,32914574,"G","T","BRCA","BRCA2","SNV","BRCA2 E2028*",32340437,32340437
"66","chr13",32914574,32914574,"G","T","BRCA","BRCA2","SNV","BRCA2 RIIENQEKSLK2295",32340437,32340437
"67","chr13",32912849,32912849,"A","T","OV","BRCA2","SNV","BRCA2 K2404",32338712,32338712
"68","chr13",32953608,32953608,"G","A","PACA","BRCA2","SNV","BRCA2 W2970*",32379471,32379471
"69","chr13",48916734,48916734,"G","A","MELA","RB1","SNV","RB1 R251L",48342598,48342598
"70","chr13",48937093,48937093,"G","C","PRAD","RB1","SNV","RB1 E287D",48362957,48362957
"71","chr13",48941705,48941747,"CATGATAAAACTCTTCAGACTGATTCTATAGACAGGTATTGCA","-","OV","RB1","indel","RB1 HDKTLQTDSIDS339",48367569,48367611
"72","chr13",48941705,48941747,"CATGATAAAACTCTTCAGACTGATTCTATAGACAGGTATTGCA","-","OV","RB1","indel","RB1 K341*",48367569,48367611
"73","chr13",48942662,48942662,"G","C","OV","RB1","SNV","RB1 R445",48368526,48368526
"74","chr13",48942662,48942662,"G","C","OV","RB1","SNV","RB1 R467*",48368526,48368526
"75","chr13",48942662,48942662,"G","C","OV","RB1","SNV","RB1 H483",48368526,48368526
"76","chr13",48942662,48942662,"G","C","OV","RB1","SNV","RB1 Q504",48368526,48368526
"77","chr13",48942662,48942662,"G","C","OV","RB1","SNV","RB1 R556*",48368526,48368526
"78","chr13",49027187,49027187,"A","-","PAEN","RB1","indel","RB1 H585",48453051,48453051
"79","chr13",49027187,49027187,"A","-","PAEN","RB1","indel","RB1 I679",48453051,48453051
"80","chr13",49027187,49027187,"A","-","PAEN","RB1","indel","RB1 R698W",48453051,48453051
"81","chr13",48942662,48942662,"G","C","OV","RB1","SNV","RB1 IV724",48368526,48368526
"82","chr13",48942662,48942662,"G","C","OV","RB1","SNV","RB1 R787*",48368526,48368526
"83","chr13",49047507,49047507,"C","A","LIRI","RB1","SNV","RB1 S834*",48473371,48473371
"84","chr15",66727443,66727443,"T","G","PACA","MAP2K1","SNV","MAP2K1 F53L",66435105,66435105
"85","chr15",66727443,66727443,"T","G","PACA","MAP2K1","SNV","MAP2K1 K57T",66435105,66435105
"86","chr15",66737003,66737003,"G","A","MELA","MAP2K1","SNV","MAP2K1 G176S",66444665,66444665
"87","chr15",90631934,90631934,"C","T","CMDI","IDH2","SNV","IDH2 R88Q",90088702,90088702
"88","chr15",90645514,90645514,"G","T","CMDI","IDH2","SNV","IDH2 R37S",90102282,90102282
"89","chr17",7572930,7572933,"GTCT","-","MALY","TP53","indel","TP53 SD392",7669612,7669615
"90","chr17",7573991,7573991,"C","A","PACA","TP53","SNV","TP53 E346*",7670673,7670673
"91","chr17",7573998,7573999,"CT","-","BRCA","TP53","indel","TP53 E343",7670680,7670681
"92","chr17",7573998,7573999,"CT","-","BRCA","TP53","indel","TP53 R337L",7670680,7670681
"93","chr17",7574018,7574018,"G","A","PACA","TP53","SNV","TP53 R337C",7670700,7670700
"94","chr17",7576855,7576855,"G","A","PACA","TP53","SNV","TP53 Q17*",7673537,7673537
"95","chr17",7576856,7576856,"A","-","ESAD","TP53","indel","TP53 L16",7673538,7673538
"96","chr17",7576856,7576856,"A","-","ESAD","TP53","indel","TP53 L198",7673538,7673538
"97","chr17",7576863,7576863,"A","-","BRCA","TP53","indel","TP53 F196",7673545,7673545
"98","chr17",7576863,7576863,"A","-","BRCA","TP53","indel","TP53 F328",7673545,7673545
"99","chr17",7576872,7576872,"C","-","PACA","TP53","indel","TP53 G11",7673554,7673554
"100","chr17",7576872,7576872,"C","-","PACA","TP53","indel","TP53 G193",7673554,7673554
"101","chr17",7576897,7576897,"G","-","LIRI","TP53","indel","TP53 Q317",7673579,7673579
"102","chr17",7576897,7576897,"G","-","LIRI","TP53","indel","TP53 Q3",7673579,7673579
"103","chr17",7576897,7576897,"G","A","PACA","TP53","SNV","TP53 Q3*",7673579,7673579
"104","chr17",7576897,7576897,"G","A","PACA","TP53","SNV","TP53 Q185*",7673579,7673579
"105","chr17",7576917,7576917,"T","-","PACA","TP53","indel","TP53 N178",7673599,7673599
"106","chr17",7577058,7577058,"C","A","OV","TP53","SNV","TP53 E294*",7673740,7673740
"107","chr17",7577082,7577082,"C","T","LINC","TP53","SNV","TP53 E286K",7673764,7673764
"108","chr17",7577085,7577085,"C","T","BTCA","TP53","SNV","TP53 E285K",7673767,7673767
"109","chr17",7577097,7577097,"C","T","MALY","TP53","SNV","TP53 D149N",7673779,7673779
"110","chr17",7577099,7577099,"C","T","PAEN","TP53","SNV","TP53 R148K",7673781,7673781
"111","chr17",7577102,7577102,"C","T","LIRI","TP53","SNV","TP53 G147E",7673784,7673784
"112","chr17",7577105,7577105,"G","C","PACA","TP53","SNV","TP53 P278R",7673787,7673787
"113","chr17",7577106,7577106,"G","A","GACA","TP53","SNV","TP53 P278S",7673788,7673788
"114","chr17",7577111,7577111,"G","C","LIRI","TP53","SNV","TP53 A144G",7673793,7673793
"115","chr17",7577111,7577111,"G","T","ESAD","TP53","SNV","TP53 A276D",7673793,7673793
"116","chr17",7577120,7577120,"C","T","MALY","TP53","SNV","TP53 R141H",7673802,7673802
"117","chr17",7577120,7577120,"C","A","ESAD","TP53","SNV","TP53 R141L",7673802,7673802
"118","chr17",7577121,7577121,"G","A","LIRI","TP53","SNV","TP53 R141C",7673803,7673803
"119","chr17",7577123,7577123,"A","C","PACA","TP53","SNV","TP53 V272G",7673805,7673805
"120","chr17",7577124,7577124,"C","T","PACA","TP53","SNV","TP53 V272M",7673806,7673806
"121","chr17",7577124,7577124,"C","A","PACA","TP53","SNV","TP53 V272L",7673806,7673806
"122","chr17",7577127,7577127,"C","G","BRCA","TP53","SNV","TP53 E271Q",7673809,7673809
"123","chr17",7577135,7577135,"T","A","PACA","TP53","SNV","TP53 N268I",7673817,7673817
"124","chr17",7577139,7577139,"G","A","PBCA","TP53","SNV","TP53 R267W",7673821,7673821
"125","chr17",7577141,7577141,"C","T","PACA","TP53","SNV","TP53 G266E",7673823,7673823
"126","chr17",7577152,7577161,"ACCACTACTC","-","OV","TP53","indel","TP53 SG261",7673834,7673843
"127","chr17",7577153,7577153,"C","A","PACA","TP53","SNV","TP53 G262V",7673835,7673835
"128","chr17",7577506,7577506,"C","A","LIRI","TP53","SNV","TP53 D127Y",7674188,7674188
"129","chr17",7577507,7577507,"T","G","BRCA","TP53","SNV","TP53 E126D",7674189,7674189
"130","chr17",7577508,7577508,"T","C","GACA","TP53","SNV","TP53 E258G",7674190,7674190
"131","chr17",7577511,7577511,"A","G","MALY","TP53","SNV","TP53 L257P",7674193,7674193
"132","chr17",7577512,7577512,"G","C","LIRI","TP53","SNV","TP53 L257V",7674194,7674194
"133","chr17",7577515,7577517,"TGA","-","PACA","TP53","indel","TP53 IT255T",7674197,7674199
"134","chr17",7577517,7577517,"A","G","BOCA","TP53","SNV","TP53 I123T",7674199,7674199
"135","chr17",7577518,7577518,"T","A","OV","TP53","SNV","TP53 I255F",7674200,7674200
"136","chr17",7577520,7577520,"A","G","LIRI","TP53","SNV","TP53 I254T",7674202,7674202
"137","chr17",7577521,7577521,"T","C","LINC","TP53","SNV","TP53 I254V",7674203,7674203
"138","chr17",7577523,7577523,"G","T","LINC","TP53","SNV","TP53 T253N",7674205,7674205
"139","chr17",7577525,7577525,"G","A","LIRI","TP53","SNV","TP53 L120L",7674207,7674207
"140","chr17",7577534,7577534,"C","A","MALY","TP53","SNV","TP53 R249S",7674216,7674216
"141","chr17",7577534,7577534,"C","-","OV","TP53","indel","TP53 R249",7674216,7674216
"142","chr17",7577535,7577535,"C","T","ESAD","TP53","SNV","TP53 ?156",7674217,7674217
"143","chr17",7577535,7577535,"C","T","ESAD","TP53","SNV","TP53 R117K",7674217,7674217
"144","chr17",7577535,7577535,"C","A","PACA","TP53","SNV","TP53 R249M",7674217,7674217
"145","chr17",7577538,7577538,"C","T","PACA","TP53","SNV","TP53 R155Q",7674220,7674220
"146","chr17",7577538,7577538,"C","T","PACA","TP53","SNV","TP53 R116Q",7674220,7674220
"147","chr17",7577539,7577539,"G","A","ESAD","TP53","SNV","TP53 R248W",7674221,7674221
"148","chr17",7577539,7577539,"G","A","ESAD","TP53","SNV","TP53 R155W",7674221,7674221
"149","chr17",7577545,7577545,"T","C","PACA","TP53","SNV","TP53 M114V",7674227,7674227
"150","chr17",7577545,7577545,"T","C","PACA","TP53","SNV","TP53 M153V",7674227,7674227
"151","chr17",7577545,7577559,"TGCCGCCCATGCAGG","-","BRCA","TP53","indel","TP53 SCMGGM148L",7674227,7674241
"152","chr17",7577545,7577559,"TGCCGCCCATGCAGG","-","BRCA","TP53","indel","TP53 SCMGGM109L",7674227,7674241
"153","chr17",7577547,7577547,"C","T","OV","TP53","SNV","TP53 G152D",7674229,7674229
"154","chr17",7577547,7577547,"C","T","OV","TP53","SNV","TP53 G113D",7674229,7674229
"155","chr17",7577547,7577547,"C","A","ESAD","TP53","SNV","TP53 G245V",7674229,7674229
"156","chr17",7577547,7577547,"C","A","ESAD","TP53","SNV","TP53 G152V",7674229,7674229
"157","chr17",7577548,7577548,"C","G","PACA","TP53","SNV","TP53 G245R",7674230,7674230
"158","chr17",7577548,7577548,"C","G","PACA","TP53","SNV","TP53 G152R",7674230,7674230
"159","chr17",7577548,7577548,"C","T","ESAD","TP53","SNV","TP53 G245S",7674230,7674230
"160","chr17",7577548,7577548,"C","T","ESAD","TP53","SNV","TP53 G113S",7674230,7674230
"161","chr17",7577548,7577548,"C","A","BRCA","TP53","SNV","TP53 G245C",7674230,7674230
"162","chr17",7577548,7577548,"C","A","BRCA","TP53","SNV","TP53 G152C",7674230,7674230
"163","chr17",7577551,7577551,"C","A","LIRI","TP53","SNV","TP53 G244C",7674233,7674233
"164","chr17",7577551,7577551,"C","A","LIRI","TP53","SNV","TP53 G112C",7674233,7674233
"165","chr17",7577551,7577551,"C","T","ORCA","TP53","SNV","TP53 G244S",7674233,7674233
"166","chr17",7577551,7577551,"C","T","ORCA","TP53","SNV","TP53 G151S",7674233,7674233
"167","chr17",7577518,7577518,"T","A","OV","TP53","SNV","TP53 C242S",7674200,7674200
"168","chr17",7577518,7577518,"T","A","OV","TP53","SNV","TP53 C149S",7674200,7674200
"169","chr17",7577556,7577556,"C","T","GACA","TP53","SNV","TP53 C242Y",7674238,7674238
"170","chr17",7577556,7577556,"C","T","GACA","TP53","SNV","TP53 C110Y",7674238,7674238
"171","chr17",7577557,7577557,"A","T","LIRI","TP53","SNV","TP53 C110S",7674239,7674239
"172","chr17",7577559,7577559,"G","A","PACA","TP53","SNV","TP53 S148F",7674241,7674241
"173","chr17",7577559,7577559,"G","A","PACA","TP53","SNV","TP53 S109F",7674241,7674241
"174","chr17",7577559,7577559,"G","C","LIRI","TP53","SNV","TP53 S148C",7674241,7674241
"175","chr17",7577559,7577559,"G","C","LIRI","TP53","SNV","TP53 S109C",7674241,7674241
"176","chr17",7577560,7577560,"A","G","MALY","TP53","SNV","TP53 S241P",7674242,7674242
"177","chr17",7577560,7577560,"A","G","MALY","TP53","SNV","TP53 S109P",7674242,7674242
"178","chr17",7577560,7577560,"A","C","BRCA","TP53","SNV","TP53 S241A",7674242,7674242
"179","chr17",7577560,7577560,"A","C","BRCA","TP53","SNV","TP53 S148A",7674242,7674242
"180","chr17",7577563,7577563,"T","C","CMDI","TP53","SNV","TP53 S240G",7674245,7674245
"181","chr17",7577563,7577563,"T","C","CMDI","TP53","SNV","TP53 S108G",7674245,7674245
"182","chr17",7577565,7577565,"T","-","ESAD","TP53","indel","TP53 N239",7674247,7674247
"183","chr17",7577565,7577565,"T","-","ESAD","TP53","indel","TP53 N146",7674247,7674247
"184","chr17",7577566,7577566,"T","C","CLLE","TP53","SNV","TP53 N239D",7674248,7674248
"185","chr17",7577566,7577566,"T","C","CLLE","TP53","SNV","TP53 N107D",7674248,7674248
"186","chr17",7577568,7577568,"C","A","CLLE","TP53","SNV","TP53 C238F",7674250,7674250
"187","chr17",7577568,7577568,"C","A","CLLE","TP53","SNV","TP53 C106F",7674250,7674250
"188","chr17",7577569,7577569,"A","G","PACA","TP53","SNV","TP53 C238R",7674251,7674251
"189","chr17",7577569,7577569,"A","G","PACA","TP53","SNV","TP53 C106R",7674251,7674251
"190","chr17",7577570,7577570,"C","T","PACA","TP53","SNV","TP53 M105I",7674252,7674252
"191","chr17",7577570,7577570,"C","T","PACA","TP53","SNV","TP53 M144I",7674252,7674252
"192","chr17",7577573,7577573,"G","T","PACA","TP53","SNV","TP53 Y143*",7674255,7674255
"193","chr17",7577573,7577575,"GTA","-","BRCA","TP53","indel","TP53 Y104",7674255,7674257
"194","chr17",7577573,7577575,"GTA","-","BRCA","TP53","indel","TP53 Y236",7674255,7674257
"195","chr17",7577574,7577574,"T","C","ESAD","TP53","SNV","TP53 Y143C",7674256,7674256
"196","chr17",7577574,7577574,"T","G","MALY","TP53","SNV","TP53 Y236S",7674256,7674256
"197","chr17",7577574,7577574,"T","G","MALY","TP53","SNV","TP53 Y143S",7674256,7674256
"198","chr17",7577575,7577575,"A","T","MALY","TP53","SNV","TP53 Y236N",7674257,7674257
"199","chr17",7577575,7577575,"A","T","MALY","TP53","SNV","TP53 Y143N",7674257,7674257
"200","chr17",7577575,7577575,"A","G","LIRI","TP53","SNV","TP53 Y236H",7674257,7674257
"201","chr17",7577575,7577575,"A","G","LIRI","TP53","SNV","TP53 Y143H",7674257,7674257
"202","chr17",7577579,7577579,"G","C","LIRI","TP53","SNV","TP53 Y234*",7674261,7674261
"203","chr17",7577579,7577579,"G","C","LIRI","TP53","SNV","TP53 Y141*",7674261,7674261
"204","chr17",7577579,7577579,"G","-","LIRI","TP53","indel","TP53 Y141",7674261,7674261
"205","chr17",7577579,7577579,"G","-","LIRI","TP53","indel","TP53 Y102",7674261,7674261
"206","chr17",7577580,7577580,"T","C","LIRI","TP53","SNV","TP53 Y234C",7674262,7674262
"207","chr17",7577580,7577580,"T","C","LIRI","TP53","SNV","TP53 Y141C",7674262,7674262
"208","chr17",7577581,7577581,"A","G","LINC","TP53","SNV","TP53 Y234H",7674263,7674263
"209","chr17",7577581,7577581,"A","G","LINC","TP53","SNV","TP53 Y141H",7674263,7674263
"210","chr17",7577587,7577587,"T","A","LIRI","TP53","SNV","TP53 I232F",7674269,7674269
"211","chr17",7577587,7577587,"T","A","LIRI","TP53","SNV","TP53 I139F",7674269,7674269
"212","chr17",7577594,7577594,"A","C","MALY","TP53","SNV","TP53 C229W",7674276,7674276
"213","chr17",7577594,7577594,"A","C","MALY","TP53","SNV","TP53 C136W",7674276,7674276
"214","chr17",7577594,7577595,"AC","-","PACA","TP53","indel","TP53 C229",7674276,7674277
"215","chr17",7577594,7577595,"AC","-","PACA","TP53","indel","TP53 C136",7674276,7674277
"216","chr17",7577595,7577603,"CAGTCAGAG","-","PACA","TP53","indel","TP53 GSDC226G",7674277,7674285
"217","chr17",7577595,7577603,"CAGTCAGAG","-","PACA","TP53","indel","TP53 GSDC94G",7674277,7674285
"218","chr17",7578179,7578186,"CAGGCGGC","-","ESAD","TP53","indel","TP53 EPPE221",7674861,7674868
"219","chr17",7578190,7578190,"T","C","PACA","TP53","SNV","TP53 Y220C",7674872,7674872
"220","chr17",7578190,7578190,"T","C","PACA","TP53","SNV","TP53 Y88C",7674872,7674872
"221","chr17",7578191,7578191,"A","T","LIRI","TP53","SNV","TP53 Y220N",7674873,7674873
"222","chr17",7578191,7578191,"A","T","LIRI","TP53","SNV","TP53 Y127N",7674873,7674873
"223","chr17",7578195,7578197,"CAC","-","OV","TP53","indel","TP53 V218",7674877,7674879
"224","chr17",7578195,7578197,"CAC","-","OV","TP53","indel","TP53 V125",7674877,7674879
"225","chr17",7578199,7578199,"A","C","PACA","TP53","SNV","TP53 V85G",7674881,7674881
"226","chr17",7578199,7578199,"A","C","PACA","TP53","SNV","TP53 V124G",7674881,7674881
"227","chr17",7578203,7578203,"C","T","LIRI","TP53","SNV","TP53 V123M",7674885,7674885
"228","chr17",7578203,7578203,"C","T","LIRI","TP53","SNV","TP53 V84M",7674885,7674885
"229","chr17",7578203,7578203,"C","A","PACA","TP53","SNV","TP53 V123L",7674885,7674885
"230","chr17",7578203,7578203,"C","A","PACA","TP53","SNV","TP53 V84L",7674885,7674885
"231","chr17",7578204,7578204,"A","C","MALY","TP53","SNV","TP53 S215R",7674886,7674886
"232","chr17",7578204,7578204,"A","C","MALY","TP53","SNV","TP53 S122R",7674886,7674886
"233","chr17",7578204,7578204,"A","C","MALY","TP53","SNV","TP53 S215I",7674886,7674886
"234","chr17",7578204,7578204,"A","C","MALY","TP53","SNV","TP53 S122I",7674886,7674886
"235","chr17",7578205,7578205,"C","T","BTCA","TP53","SNV","TP53 S83N",7674887,7674887
"236","chr17",7578205,7578205,"C","T","BTCA","TP53","SNV","TP53 S122N",7674887,7674887
"237","chr17",7578206,7578206,"T","C","LIRI","TP53","SNV","TP53 S215G",7674888,7674888
"238","chr17",7578206,7578206,"T","C","LIRI","TP53","SNV","TP53 S122G",7674888,7674888
"239","chr17",7578208,7578208,"T","C","LIRI","TP53","SNV","TP53 H121R",7674890,7674890
"240","chr17",7578208,7578208,"T","C","LIRI","TP53","SNV","TP53 H82R",7674890,7674890
"241","chr17",7578211,7578211,"C","A","LIRI","TP53","SNV","TP53 R213L",7674893,7674893
"242","chr17",7578211,7578211,"C","A","LIRI","TP53","SNV","TP53 R81L",7674893,7674893
"243","chr17",7578212,7578212,"G","A","ESAD","TP53","SNV","TP53 R81*",7674894,7674894
"244","chr17",7578212,7578212,"G","A","ESAD","TP53","SNV","TP53 R120*",7674894,7674894
"245","chr17",7578213,7578214,"AA","-","ESAD","TP53","indel","TP53 F212",7674895,7674896
"246","chr17",7578213,7578214,"AA","-","ESAD","TP53","indel","TP53 F119",7674895,7674896
"247","chr17",7578215,7578215,"A","C","LIRI","TP53","SNV","TP53 F212V",7674897,7674897
"248","chr17",7578215,7578215,"A","C","LIRI","TP53","SNV","TP53 F119V",7674897,7674897
"249","chr17",7578222,7578223,"TC","-","PRAD","TP53","indel","TP53 R209",7674904,7674905
"250","chr17",7578222,7578223,"TC","-","PRAD","TP53","indel","TP53 R77",7674904,7674905
"251","chr17",7578232,7578235,"AAAT","-","OV","TP53","indel","TP53 YL205",7674914,7674917
"252","chr17",7578232,7578235,"AAAT","-","OV","TP53","indel","TP53 YL112",7674914,7674917
"253","chr17",7578235,7578235,"T","C","LIRI","TP53","SNV","TP53 Y205C",7674917,7674917
"254","chr17",7578235,7578235,"T","C","LIRI","TP53","SNV","TP53 Y73C",7674917,7674917
"255","chr17",7578235,7578235,"T","G","PBCA","TP53","SNV","TP53 Y73S",7674917,7674917
"256","chr17",7578235,7578235,"T","G","PBCA","TP53","SNV","TP53 Y112S",7674917,7674917
"257","chr17",7578236,7578236,"A","G","PACA","TP53","SNV","TP53 Y73H",7674918,7674918
"258","chr17",7578236,7578236,"A","G","PACA","TP53","SNV","TP53 Y112H",7674918,7674918
"259","chr17",7578237,7578239,"CTC","-","ORCA","TP53","indel","TP53 E204",7674919,7674921
"260","chr17",7578237,7578239,"CTC","-","ORCA","TP53","indel","TP53 E72",7674919,7674921
"261","chr17",7578239,7578239,"C","A","ESAD","TP53","SNV","TP53 E72*",7674921,7674921
"262","chr17",7578239,7578239,"C","A","ESAD","TP53","SNV","TP53 E111*",7674921,7674921
"263","chr17",7578247,7578247,"A","T","LIRI","TP53","SNV","TP53 L108*",7674929,7674929
"264","chr17",7578247,7578247,"A","T","LIRI","TP53","SNV","TP53 L69*",7674929,7674929
"265","chr17",7578257,7578257,"C","A","ESAD","TP53","SNV","TP53 E198*",7674939,7674939
"266","chr17",7578257,7578257,"C","A","ESAD","TP53","SNV","TP53 E66*",7674939,7674939
"267","chr17",7578260,7578260,"C","T","PACA","TP53","SNV","TP53 V197M",7674942,7674942
"268","chr17",7578260,7578260,"C","T","PACA","TP53","SNV","TP53 V104M",7674942,7674942
"269","chr17",7578262,7578262,"C","G","PACA","TP53","SNV","TP53 R196P",7674944,7674944
"270","chr17",7578262,7578262,"C","G","PACA","TP53","SNV","TP53 R103P",7674944,7674944
"271","chr17",7578263,7578263,"G","A","PACA","TP53","SNV","TP53 R64*",7674945,7674945
"272","chr17",7578263,7578263,"G","A","PACA","TP53","SNV","TP53 R103*",7674945,7674945
"273","chr17",7578265,7578265,"A","G","OV","TP53","SNV","TP53 I102T",7674947,7674947
"274","chr17",7578265,7578265,"A","G","OV","TP53","SNV","TP53 I63T",7674947,7674947
"275","chr17",7578266,7578266,"T","A","PACA","TP53","SNV","TP53 I102F",7674948,7674948
"276","chr17",7578266,7578266,"T","A","PACA","TP53","SNV","TP53 I63F",7674948,7674948
"277","chr17",7578268,7578268,"A","C","ESAD","TP53","SNV","TP53 L101R",7674950,7674950
"278","chr17",7578268,7578268,"A","C","ESAD","TP53","SNV","TP53 L62R",7674950,7674950
"279","chr17",7578271,7578271,"T","C","OV","TP53","SNV","TP53 H193R",7674953,7674953
"280","chr17",7578271,7578271,"T","C","OV","TP53","SNV","TP53 H61R",7674953,7674953
"281","chr17",7578271,7578271,"T","-","PACA","TP53","indel","TP53 H100",7674953,7674953
"282","chr17",7578271,7578271,"T","-","PACA","TP53","indel","TP53 H61",7674953,7674953
"283","chr17",7578272,7578272,"G","A","ORCA","TP53","SNV","TP53 H193Y",7674954,7674954
"284","chr17",7578272,7578272,"G","A","ORCA","TP53","SNV","TP53 H100Y",7674954,7674954
"285","chr17",7578275,7578275,"G","A","PACA","TP53","SNV","TP53 Q60*",7674957,7674957
"286","chr17",7578275,7578275,"G","A","PACA","TP53","SNV","TP53 Q99*",7674957,7674957
"287","chr17",7578280,7578280,"G","A","MALY","TP53","SNV","TP53 P190L",7674962,7674962
"288","chr17",7578280,7578280,"G","A","MALY","TP53","SNV","TP53 P58L",7674962,7674962
"289","chr17",7578285,7578295,"CAGACCTAAGA","-","LIRI","TP53","indel","TP53 GL187",7674967,7674977
"290","chr17",7578380,7578380,"C","G","BRCA","TP53","SNV","TP53 D184H",7675062,7675062
"291","chr17",7578380,7578380,"C","G","BRCA","TP53","SNV","TP53 D52H",7675062,7675062
"292","chr17",7578382,7578382,"G","C","PACA","TP53","SNV","TP53 S183*",7675064,7675064
"293","chr17",7578382,7578382,"G","C","PACA","TP53","SNV","TP53 S51*",7675064,7675064
"294","chr17",7578384,7578401,"GCAGCGCTCATGGTGGGG","-","PACA","TP53","indel","TP53 PHHERC177",7675066,7675083
"295","chr17",7578384,7578401,"GCAGCGCTCATGGTGGGG","-","PACA","TP53","indel","TP53 PHHERC45",7675066,7675083
"296","chr17",7578388,7578388,"C","T","PACA","TP53","SNV","TP53 R181H",7675070,7675070
"297","chr17",7578388,7578388,"C","T","PACA","TP53","SNV","TP53 R49H",7675070,7675070
"298","chr17",7578389,7578389,"G","A","PRAD","TP53","SNV","TP53 R181C",7675071,7675071
"299","chr17",7578389,7578389,"G","A","PRAD","TP53","SNV","TP53 R88C",7675071,7675071
"300","chr17",7578393,7578393,"A","T","OV","TP53","SNV","TP53 H179Q",7675075,7675075
"301","chr17",7578393,7578393,"A","T","OV","TP53","SNV","TP53 H47Q",7675075,7675075
"302","chr17",7578394,7578394,"T","A","ESAD","TP53","SNV","TP53 H179L",7675076,7675076
"303","chr17",7578394,7578394,"T","A","ESAD","TP53","SNV","TP53 H47L",7675076,7675076
"304","chr17",7578394,7578394,"T","C","PACA","TP53","SNV","TP53 H179R",7675076,7675076
"305","chr17",7578394,7578394,"T","C","PACA","TP53","SNV","TP53 H47R",7675076,7675076
"306","chr17",7578394,7578396,"TGG","-","PACA","TP53","indel","TP53 HH85H",7675076,7675078
"307","chr17",7578394,7578396,"TGG","-","PACA","TP53","indel","TP53 HH178H",7675076,7675078
"308","chr17",7578395,7578395,"G","A","PACA","TP53","SNV","TP53 H86Y",7675077,7675077
"309","chr17",7578395,7578395,"G","A","PACA","TP53","SNV","TP53 H47Y",7675077,7675077
"310","chr17",7578398,7578401,"GGGG","-","LIRI","TP53","indel","TP53 PH177",7675080,7675083
"311","chr17",7578398,7578401,"GGGG","-","LIRI","TP53","indel","TP53 PH84",7675080,7675083
"312","chr17",7578402,7578402,"G","C","PACA","TP53","SNV","TP53 C176W",7675084,7675084
"313","chr17",7578402,7578402,"G","C","PACA","TP53","SNV","TP53 C44W",7675084,7675084
"314","chr17",7578403,7578403,"C","A","ESAD","TP53","SNV","TP53 C83F",7675085,7675085
"315","chr17",7578403,7578403,"C","A","ESAD","TP53","SNV","TP53 C176F",7675085,7675085
"316","chr17",7578403,7578403,"C","T","CLLE","TP53","SNV","TP53 C176Y",7675085,7675085
"317","chr17",7578403,7578403,"C","T","CLLE","TP53","SNV","TP53 C44Y",7675085,7675085
"318","chr17",7578404,7578404,"A","C","OV","TP53","SNV","TP53 C176G",7675086,7675086
"319","chr17",7578404,7578404,"A","C","OV","TP53","SNV","TP53 C83G",7675086,7675086
"320","chr17",7578406,7578406,"C","T","ESAD","TP53","SNV","TP53 R175H",7675088,7675088
"321","chr17",7578406,7578406,"C","T","ESAD","TP53","SNV","TP53 R82H",7675088,7675088
"322","chr17",7578412,7578412,"A","T","LIRI","TP53","SNV","TP53 V173E",7675094,7675094
"323","chr17",7578413,7578413,"C","G","PACA","TP53","SNV","TP53 V80L",7675095,7675095
"324","chr17",7578413,7578413,"C","G","PACA","TP53","SNV","TP53 V173L",7675095,7675095
"325","chr17",7578413,7578413,"C","T","ESAD","TP53","SNV","TP53 V173M",7675095,7675095
"326","chr17",7578413,7578413,"C","T","ESAD","TP53","SNV","TP53 V41M",7675095,7675095
"327","chr17",7578415,7578415,"A","T","MALY","TP53","SNV","TP53 V172D",7675097,7675097
"328","chr17",7578415,7578415,"A","T","MALY","TP53","SNV","TP53 V79D",7675097,7675097
"329","chr17",7578416,7578416,"C","A","OV","TP53","SNV","TP53 V172F",7675098,7675098
"330","chr17",7578416,7578416,"C","A","OV","TP53","SNV","TP53 V40F",7675098,7675098
"331","chr17",7578427,7578427,"T","G","OV","TP53","SNV","TP53 H168P",7675109,7675109
"332","chr17",7578427,7578427,"T","G","OV","TP53","SNV","TP53 H36P",7675109,7675109
"333","chr17",7578427,7578427,"T","C","OV","TP53","SNV","TP53 H168R",7675109,7675109
"334","chr17",7578427,7578427,"T","C","OV","TP53","SNV","TP53 H36R",7675109,7675109
"335","chr17",7578431,7578431,"G","A","LIRI","TP53","SNV","TP53 Q167*",7675113,7675113
"336","chr17",7578431,7578431,"G","A","LIRI","TP53","SNV","TP53 Q74*",7675113,7675113
"337","chr17",7578441,7578441,"G","T","LIRI","TP53","SNV","TP53 Y163*",7675123,7675123
"338","chr17",7578441,7578441,"G","T","LIRI","TP53","SNV","TP53 Y70*",7675123,7675123
"339","chr17",7578442,7578442,"T","C","LIRI","TP53","SNV","TP53 Y163C",7675124,7675124
"340","chr17",7578442,7578442,"T","C","LIRI","TP53","SNV","TP53 Y31C",7675124,7675124
"341","chr17",7578445,7578445,"A","T","PACA","TP53","SNV","TP53 I69N",7675127,7675127
"342","chr17",7578445,7578445,"A","T","PACA","TP53","SNV","TP53 I30N",7675127,7675127
"343","chr17",7578449,7578449,"C","T","PACA","TP53","SNV","TP53 A161T",7675131,7675131
"344","chr17",7578449,7578449,"C","T","PACA","TP53","SNV","TP53 A68T",7675131,7675131
"345","chr17",7578454,7578454,"G","A","PACA","TP53","SNV","TP53 A159V",7675136,7675136
"346","chr17",7578454,7578454,"G","A","PACA","TP53","SNV","TP53 A66V",7675136,7675136
"347","chr17",7578455,7578455,"C","G","GACA","TP53","SNV","TP53 A159P",7675137,7675137
"348","chr17",7578455,7578455,"C","G","GACA","TP53","SNV","TP53 A27P",7675137,7675137
"349","chr17",7578455,7578460,"CGCGGA","-","PACA","TP53","indel","TP53 VRA157A",7675137,7675142
"350","chr17",7578455,7578460,"CGCGGA","-","PACA","TP53","indel","TP53 VRA64A",7675137,7675142
"351","chr17",7578457,7578457,"C","G","PACA","TP53","SNV","TP53 R26P",7675139,7675139
"352","chr17",7578457,7578457,"C","G","PACA","TP53","SNV","TP53 R65P",7675139,7675139
"353","chr17",7578461,7578461,"C","A","PACA","TP53","SNV","TP53 V25F",7675143,7675143
"354","chr17",7578461,7578461,"C","A","PACA","TP53","SNV","TP53 V64F",7675143,7675143
"355","chr17",7578470,7578473,"CGGG","-","ORCA","TP53","indel","TP53 PG153",7675152,7675155
"356","chr17",7578470,7578473,"CGGG","-","ORCA","TP53","indel","TP53 PG21",7675152,7675155
"357","chr17",7578475,7578475,"G","-","PACA","TP53","indel","TP53 P152",7675157,7675157
"358","chr17",7578475,7578475,"G","-","PACA","TP53","indel","TP53 P20",7675157,7675157
"359","chr17",7578479,7578479,"G","C","PACA","TP53","SNV","TP53 P151A",7675161,7675161
"360","chr17",7578479,7578479,"G","C","PACA","TP53","SNV","TP53 P19A",7675161,7675161
"361","chr17",7578479,7578479,"G","A","ESAD","TP53","SNV","TP53 P151S",7675161,7675161
"362","chr17",7578479,7578479,"G","A","ESAD","TP53","SNV","TP53 P19S",7675161,7675161
"363","chr17",7578483,7578483,"G","-","PACA","TP53","indel","TP53 S17",7675165,7675165
"364","chr17",7578483,7578483,"G","-","PACA","TP53","indel","TP53 S142",7675165,7675165
"365","chr17",7578492,7578492,"C","T","LIRI","TP53","SNV","TP53 W146*",7675174,7675174
"366","chr17",7578492,7578492,"C","T","LIRI","TP53","SNV","TP53 W14*",7675174,7675174
"367","chr17",7578493,7578493,"C","T","OV","TP53","SNV","TP53 W53*",7675175,7675175
"368","chr17",7578493,7578507,"CACAGCTGCACAGGG","-","PACA","TP53","indel","TP53 CPVQLW9W",7675175,7675189
"369","chr17",7578493,7578507,"CACAGCTGCACAGGG","-","PACA","TP53","indel","TP53 CPVQLW134W",7675175,7675189
"370","chr17",7578496,7578496,"A","T","PACA","TP53","SNV","TP53 L145Q",7675178,7675178
"371","chr17",7578496,7578496,"A","T","PACA","TP53","SNV","TP53 L13Q",7675178,7675178
"372","chr17",7578505,7578505,"G","-","GACA","TP53","indel","TP53 P135",7675187,7675187
"373","chr17",7578505,7578505,"G","-","GACA","TP53","indel","TP53 P49",7675187,7675187
"374","chr17",7578508,7578508,"C","T","PACA","TP53","SNV","TP53 C9Y",7675190,7675190
"375","chr17",7578508,7578508,"C","T","PACA","TP53","SNV","TP53 C48Y",7675190,7675190
"376","chr17",7578513,7578513,"C","A","MALY","TP53","SNV","TP53 K139N",7675195,7675195
"377","chr17",7578513,7578513,"C","A","MALY","TP53","SNV","TP53 K132N",7675195,7675195
"378","chr17",7578517,7578517,"G","A","OV","TP53","SNV","TP53 A138V",7675199,7675199
"379","chr17",7578517,7578517,"G","A","OV","TP53","SNV","TP53 A6V",7675199,7675199
"380","chr17",7578518,7578518,"C","G","OV","TP53","SNV","TP53 A138P",7675200,7675200
"381","chr17",7578524,7578524,"G","A","ESAD","TP53","SNV","TP53 Q43*",7675206,7675206
"382","chr17",7578524,7578524,"G","A","ESAD","TP53","SNV","TP53 Q4*",7675206,7675206
"383","chr17",7578525,7578525,"G","C","PRAD","TP53","SNV","TP53 C128W",7675207,7675207
"384","chr17",7578525,7578525,"G","C","PRAD","TP53","SNV","TP53 C42W",7675207,7675207
"385","chr17",7578526,7578526,"C","T","ESAD","TP53","SNV","TP53 C135Y",7675208,7675208
"386","chr17",7578526,7578526,"C","T","ESAD","TP53","SNV","TP53 C42Y",7675208,7675208
"387","chr17",7578526,7578526,"C","A","OV","TP53","SNV","TP53 C135F",7675208,7675208
"388","chr17",7578526,7578526,"C","A","OV","TP53","SNV","TP53 C42F",7675208,7675208
"389","chr17",7578527,7578527,"A","G","BTCA","TP53","SNV","TP53 C135R",7675209,7675209
"390","chr17",7578527,7578527,"A","G","BTCA","TP53","SNV","TP53 C128R",7675209,7675209
"391","chr17",7578529,7578529,"A","C","PACA","TP53","SNV","TP53 F41C",7675211,7675211
"392","chr17",7578529,7578529,"A","C","PACA","TP53","SNV","TP53 F127C",7675211,7675211
"393","chr17",7578530,7578530,"A","G","ESAD","TP53","SNV","TP53 F134L",7675212,7675212
"394","chr17",7578530,7578530,"A","G","ESAD","TP53","SNV","TP53 F127L",7675212,7675212
"395","chr17",7578535,7578535,"T","C","OV","TP53","SNV","TP53 K132R",7675217,7675217
"396","chr17",7578535,7578535,"T","G","PACA","TP53","SNV","TP53 K132T",7675217,7675217
"397","chr17",7578536,7578536,"T","A","GACA","TP53","SNV","TP53 K132*",7675218,7675218
"398","chr17",7578541,7578541,"A","T","OV","TP53","SNV","TP53 L37H",7675223,7675223
"399","chr17",7578542,7578542,"G","A","LIRI","TP53","SNV","TP53 L37F",7675224,7675224
"400","chr17",7579315,7579315,"G","T","OV","TP53","SNV","TP53 C124*",7675997,7675997
"401","chr17",7579345,7579357,"CAAGAAGCCCAGA","-","BRCA","TP53","indel","TP53 RLGFL110",7676027,7676039
"402","chr17",7579350,7579350,"A","C","LIRI","TP53","SNV","TP53 F113V",7676032,7676032
"403","chr17",7579350,7579350,"A","T","PACA","TP53","SNV","TP53 F113I",7676032,7676032
"404","chr17",7579368,7579368,"A","-","ESAD","TP53","indel","TP53 Y107",7676050,7676050
"405","chr17",7579369,7579369,"G","C","PACA","TP53","SNV","TP53 S106R",7676051,7676051
"406","chr17",7579377,7579377,"G","A","PACA","TP53","SNV","TP53 Q104*",7676059,7676059
"407","chr17",7579401,7579401,"A","-","OV","TP53","indel","TP53 S96",7676083,7676083
"408","chr17",7579414,7579414,"C","-","ORCA","TP53","indel","TP53 W91",7676096,7676096
"409","chr17",7579414,7579414,"C","T","OV","TP53","SNV","TP53 W91*",7676096,7676096
"410","chr17",7579420,7579420,"G","-","PACA","TP53","indel","TP53 P89",7676102,7676102
"411","chr17",7579433,7579433,"G","-","OV","TP53","indel","TP53 P85",7676115,7676115
"412","chr17",7579442,7579464,"GGTGTAGGAGCTGCTGGTGCAGG","-","PACA","TP53","indel","TP53 PAPAAPTP75",7676124,7676146
"413","chr17",7579470,7579470,"C","-","BRCA","TP53","indel","TP53 V73",7676152,7676152
"414","chr17",7579491,7579500,"TTCTGGGAGC","-","LIRI","TP53","indel","TP53 APRM63",7676173,7676182
"415","chr17",7579707,7579707,"T","A","RECA","TP53","SNV","TP53 N30I",7676389,7676389
"416","chr17",7579861,7579861,"T","-","ESAD","TP53","indel","TP53 T18",7676543,7676543
"417","chr17",29508778,29508778,"C","-","LIRI","NF1","indel","NF1 Y235",31181760,31181760
"418","chr17",29508778,29508778,"C","-","LIRI","NF1","indel","NF1 E291",31181760,31181760
"419","chr17",29552144,29552144,"T","-","LIRI","NF1","indel","NF1 L292",31225126,31225126
"420","chr17",29553520,29553520,"C","-","MELA","NF1","indel","NF1 A690",31226502,31226502
"421","chr17",29554622,29554622,"C","T","MELA","NF1","SNV","NF1 Q803*",31227604,31227604
"422","chr17",29556124,29556124,"A","-","LIRI","NF1","indel","NF1 T831",31229106,31229106
"423","chr17",29556124,29556124,"A","-","LIRI","NF1","indel","NF1 T497",31229106,31229106
"424","chr17",29557905,29557906,"AA","-","ESAD","NF1","indel","NF1 SN719",31230887,31230888
"425","chr17",29557905,29557906,"AA","-","ESAD","NF1","indel","NF1 SN1053",31230887,31230888
"426","chr17",29559200,29559200,"T","G","CMDI","NF1","SNV","NF1 F1103V",31232182,31232182
"427","chr17",29559200,29559200,"T","G","CMDI","NF1","SNV","NF1 F769V",31232182,31232182
"428","chr17",29560043,29560043,"C","T","OV","NF1","SNV","NF1 Q1174*",31233025,31233025
"429","chr17",29560043,29560043,"C","T","OV","NF1","SNV","NF1 Q840*",31233025,31233025
"430","chr17",29557277,29557277,"G","T","BRCA","NF1","SNV","NF1 Q1174",31230259,31230259
"431","chr17",29557277,29557277,"G","T","BRCA","NF1","SNV","NF1 Q840",31230259,31230259
"432","chr17",29652923,29652927,"ATTGT","-","BRCA","NF1","indel","NF1 IV1620",31325905,31325909
"433","chr17",29653073,29653073,"A","T","MELA","NF1","SNV","NF1 K1670*",31326055,31326055
"434","chr17",29653073,29653073,"A","T","MELA","NF1","SNV","NF1 K1336*",31326055,31326055
"435","chr17",29654650,29654650,"T","G","BRCA","NF1","SNV","NF1 L1801*",31327632,31327632
"436","chr17",29654707,29654707,"T","G","LIRI","NF1","SNV","NF1 I1820S",31327689,31327689
"437","chr17",29664431,29664431,"T","A","MELA","NF1","SNV","NF1 L1803*",31337413,31337413
"438","chr17",29665134,29665134,"C","T","PBCA","NF1","SNV","NF1 Q2245*",31338116,31338116
"439","chr17",29665134,29665134,"C","T","PBCA","NF1","SNV","NF1 Q2266*",31338116,31338116
"440","chr17",29665738,29665738,"T","A","OV","NF1","SNV","NF1 L2279*",31338720,31338720
"441","chr17",29665738,29665738,"T","A","OV","NF1","SNV","NF1 L1924*",31338720,31338720
"442","chr17",29667626,29667626,"T","A","PBCA","NF1","SNV","NF1 L55Q",31340608,31340608
"443","chr17",29667626,29667626,"T","A","PBCA","NF1","SNV","NF1 L2321Q",31340608,31340608
"444","chr17",29685562,29685562,"A","G","PACA","NF1","SNV","NF1 N2324D",31358544,31358544
"445","chr17",29685562,29685562,"A","G","PACA","NF1","SNV","NF1 N2679D",31358544,31358544
"446","chr17",29685584,29685585,"AG","-","LIRI","NF1","indel","NF1 Q2665",31358566,31358567
"447","chr17",29685584,29685585,"AG","-","LIRI","NF1","indel","NF1 Q479",31358566,31358567
"448","chr17",37868208,37868208,"C","T","GACA","ERBB2","SNV","ERBB2 S280F",39711955,39711955
"449","chr17",37880257,37880257,"C","G","BRCA","ERBB2","SNV","ERBB2 I491M",39724004,39724004
"450","chr17",37880257,37880257,"C","G","BRCA","ERBB2","SNV","ERBB2 I767M",39724004,39724004
"451","chr17",37880261,37880261,"G","T","BRCA","ERBB2","SNV","ERBB2 D739Y",39724008,39724008
"452","chr17",37881332,37881332,"G","A","ESAD","ERBB2","SNV","ERBB2 V842I",39725079,39725079
"453","chr17",37881332,37881332,"G","A","ESAD","ERBB2","SNV","ERBB2 V566I",39725079,39725079
"454","chr17",41228590,41228590,"G","A","OV","BRCA1","SNV","BRCA1 Q238*",43076573,43076573
"455","chr17",41243758,41243774,"TCAATGATAATAAATTC","-","OV","BRCA1","indel","BRCA1 ENLLSLK1211",43091741,43091757
"456","chr17",41243758,41243774,"TCAATGATAATAAATTC","-","OV","BRCA1","indel","BRCA1 ENLLSLK962",43091741,43091757
"457","chr17",41244022,41244022,"C","-","OV","BRCA1","indel","BRCA1 V880",43092005,43092005
"458","chr17",41244212,41244212,"T","-","LIRI","BRCA1","indel","BRCA1 E1112",43092195,43092195
"459","chr18",48573545,48573545,"G","T","PACA","SMAD4","SNV","SMAD4 L43F",51047175,51047175
"460","chr18",48575128,48575128,"G","T","PACA","SMAD4","SNV","SMAD4 E108*",51048758,51048758
"461","chr18",48575152,48575152,"C","T","BTCA","SMAD4","SNV","SMAD4 Q116*",51048782,51048782
"462","chr18",48575185,48575185,"T","A","PACA","SMAD4","SNV","SMAD4 ?127",51048815,51048815
"463","chr18",48575671,48575671,"C","G","BRCA","SMAD4","SNV","SMAD4 S144*",51049301,51049301
"464","chr18",48581351,48581351,"G","T","OV","SMAD4","SNV","SMAD4 V219L",51054981,51054981
"465","chr18",48584497,48584497,"C","T","PACA","SMAD4","SNV","SMAD4 Q224*",51058127,51058127
"466","chr18",48584607,48584607,"C","A","PACA","SMAD4","SNV","SMAD4 Y260*",51058237,51058237
"467","chr18",48586262,48586262,"C","T","PACA","SMAD4","SNV","SMAD4 Q311*",51059892,51059892
"468","chr18",48591803,48591803,"T","G","PACA","SMAD4","SNV","SMAD4 Y226*",51065433,51065433
"469","chr18",48591803,48591803,"T","G","PACA","SMAD4","SNV","SMAD4 Y322*",51065433,51065433
"470","chr18",48591813,48591813,"A","C","LIRI","SMAD4","SNV","SMAD4 I326L",51065443,51065443
"471","chr18",48591813,48591813,"A","C","LIRI","SMAD4","SNV","SMAD4 I230L",51065443,51065443
"472","chr18",48591825,48591825,"G","A","PACA","SMAD4","SNV","SMAD4 E330K",51065455,51065455
"473","chr18",48591825,48591825,"G","A","PACA","SMAD4","SNV","SMAD4 E234K",51065455,51065455
"474","chr18",48591837,48591837,"C","T","BRCA","SMAD4","SNV","SMAD4 Q334*",51065467,51065467
"475","chr18",48591837,48591837,"C","T","BRCA","SMAD4","SNV","SMAD4 Q238*",51065467,51065467
"476","chr18",48591838,48591855,"AGGTAGGAGAGACATTTA","-","BTCA","SMAD4","indel","SMAD4 QVGETFK238Q",51065468,51065485
"477","chr18",48591838,48591855,"AGGTAGGAGAGACATTTA","-","BTCA","SMAD4","indel","SMAD4 QVGETFK334Q",51065468,51065485
"478","chr18",48591846,48591846,"G","T","PACA","SMAD4","SNV","SMAD4 E337*",51065476,51065476
"479","chr18",48591846,48591846,"G","T","PACA","SMAD4","SNV","SMAD4 E241*",51065476,51065476
"480","chr18",48591803,48591803,"T","G","PACA","SMAD4","SNV","SMAD4 D255H",51065433,51065433
"481","chr18",48591803,48591803,"T","G","PACA","SMAD4","SNV","SMAD4 D351H",51065433,51065433
"482","chr18",48591892,48591892,"G","T","PACA","SMAD4","SNV","SMAD4 G352V",51065522,51065522
"483","chr18",48591892,48591892,"G","T","PACA","SMAD4","SNV","SMAD4 G256V",51065522,51065522
"484","chr18",48591892,48591892,"G","T","PACA","SMAD4","SNV","SMAD4 G352E",51065522,51065522
"485","chr18",48591892,48591892,"G","T","PACA","SMAD4","SNV","SMAD4 G256E",51065522,51065522
"486","chr18",48591903,48591903,"C","T","ESAD","SMAD4","SNV","SMAD4 P356S",51065533,51065533
"487","chr18",48591903,48591903,"C","T","ESAD","SMAD4","SNV","SMAD4 P260S",51065533,51065533
"488","chr18",48591918,48591918,"C","T","ESAD","SMAD4","SNV","SMAD4 R361C",51065548,51065548
"489","chr18",48591918,48591918,"C","T","ESAD","SMAD4","SNV","SMAD4 R265C",51065548,51065548
"490","chr18",48591813,48591813,"A","C","LIRI","SMAD4","SNV","SMAD4 R361S",51065443,51065443
"491","chr18",48591813,48591813,"A","C","LIRI","SMAD4","SNV","SMAD4 R265S",51065443,51065443
"492","chr18",48591919,48591919,"G","A","PACA","SMAD4","SNV","SMAD4 R361H",51065549,51065549
"493","chr18",48591919,48591919,"G","A","PACA","SMAD4","SNV","SMAD4 R265H",51065549,51065549
"494","chr18",48591931,48591931,"G","A","PACA","SMAD4","SNV","SMAD4 G365D",51065561,51065561
"495","chr18",48591931,48591931,"G","A","PACA","SMAD4","SNV","SMAD4 G269D",51065561,51065561
"496","chr18",48591838,48591855,"AGGTAGGAGAGACATTTA","-","BTCA","SMAD4","indel","SMAD4 Q270*",51065468,51065485
"497","chr18",48591838,48591855,"AGGTAGGAGAGACATTTA","-","BTCA","SMAD4","indel","SMAD4 Q366*",51065468,51065485
"498","chr18",48591919,48591919,"G","A","PACA","SMAD4","SNV","SMAD4 G386V",51065549,51065549
"499","chr18",48591919,48591919,"G","A","PACA","SMAD4","SNV","SMAD4 G290V",51065549,51065549
"500","chr18",48593406,48593406,"G","C","PACA","SMAD4","SNV","SMAD4 G386A",51067036,51067036
"501","chr18",48593406,48593406,"G","C","PACA","SMAD4","SNV","SMAD4 G290A",51067036,51067036
"502","chr18",48593406,48593406,"G","C","PACA","SMAD4","SNV","SMAD4 GDV395",51067036,51067036
"503","chr18",48593406,48593406,"G","C","PACA","SMAD4","SNV","SMAD4 GDV299",51067036,51067036
"504","chr18",48593466,48593466,"C","T","ESAD","SMAD4","SNV","SMAD4 A406V",51067096,51067096
"505","chr18",48593466,48593466,"C","T","ESAD","SMAD4","SNV","SMAD4 A310V",51067096,51067096
"506","chr18",48593485,48593485,"C","G","PACA","SMAD4","SNV","SMAD4 Y412*",51067115,51067115
"507","chr18",48593485,48593485,"C","G","PACA","SMAD4","SNV","SMAD4 Y1*",51067115,51067115
"508","chr18",48591825,48591825,"G","A","PACA","SMAD4","SNV","SMAD4 A325A",51065455,51065455
"509","chr18",48593533,48593533,"G","T","PACA","SMAD4","SNV","SMAD4 K332N",51067163,51067163
"510","chr18",48593533,48593533,"G","T","PACA","SMAD4","SNV","SMAD4 K428N",51067163,51067163
"511","chr18",48603011,48603012,"TT","-","PACA","SMAD4","indel","SMAD4 F438",51076641,51076642
"512","chr18",48603013,48603029,"TGATTTGCGTCAGTGTC","-","PACA","SMAD4","indel","SMAD4 FDLRQCH438",51076643,51076659
"513","chr18",48603032,48603032,"C","T","PACA","SMAD4","SNV","SMAD4 R34*",51076662,51076662
"514","chr18",48603032,48603032,"C","T","PACA","SMAD4","SNV","SMAD4 R349*",51076662,51076662
"515","chr18",48603043,48603067,"GCAGCAGGCGGCTACTGCACAAGCT","-","ESAD","SMAD4","indel","SMAD4 QQQAATAQA37",51076673,51076697
"516","chr18",48603098,48603098,"G","T","PACA","SMAD4","SNV","SMAD4 G467*",51076728,51076728
"517","chr18",48603140,48603154,"GCTATCAGTAAGTAT","-","PACA","SMAD4","indel","SMAD4 AISKY70",51076770,51076784
"518","chr18",48603140,48603154,"GCTATCAGTAAGTAT","-","PACA","SMAD4","indel","SMAD4 AIS481",51076770,51076784
"519","chr18",48604747,48604747,"C","G","GACA","SMAD4","SNV","SMAD4 C427W",51078377,51078377
"520","chr18",48604747,48604747,"C","G","GACA","SMAD4","SNV","SMAD4 C523W",51078377,51078377
"521","chr18",48604748,48604748,"T","C","PACA","SMAD4","SNV","SMAD4 W428R",51078378,51078378
"522","chr18",48604748,48604748,"T","C","PACA","SMAD4","SNV","SMAD4 W524R",51078378,51078378
"523","chr18",48604755,48604755,"A","T","PACA","SMAD4","SNV","SMAD4 E526V",51078385,51078385
"524","chr18",48604755,48604755,"A","T","PACA","SMAD4","SNV","SMAD4 E430V",51078385,51078385
"525","chr18",48604765,48604769,"ACACC","-","ESAD","SMAD4","indel","SMAD4 LHR433",51078395,51078399
"526","chr18",48604765,48604769,"ACACC","-","ESAD","SMAD4","indel","SMAD4 LHR529",51078395,51078399
"527","chr18",48604776,48604776,"T","C","PACA","SMAD4","SNV","SMAD4 L437P",51078406,51078406
"528","chr18",48604776,48604776,"T","C","PACA","SMAD4","SNV","SMAD4 L533P",51078406,51078406
"529","chr18",48604786,48604791,"AGACGA","-","PACA","SMAD4","indel","SMAD4 LDE536L",51078416,51078421
"530","chr18",48604786,48604791,"AGACGA","-","PACA","SMAD4","indel","SMAD4 LDE440L",51078416,51078421
"531","chr18",48604835,48604835,"T","C","PACA","SMAD4","SNV","SMAD4 *553R",51078465,51078465
"532","chr18",48604835,48604835,"T","C","PACA","SMAD4","SNV","SMAD4 *457R",51078465,51078465
"533","chr18",48604835,48604835,"T","G","PACA","SMAD4","SNV","SMAD4 *553G",51078465,51078465
"534","chr18",48604835,48604835,"T","G","PACA","SMAD4","SNV","SMAD4 *457G",51078465,51078465
"535","chr18",48604837,48604837,"A","G","BTCA","SMAD4","SNV","SMAD4 *553W",51078467,51078467
"536","chr18",48604837,48604837,"A","G","BTCA","SMAD4","SNV","SMAD4 *457W",51078467,51078467
"537","chr19",1207162,1207162,"A","T","PACA","STK11","SNV","STK11 K84*",1207163,1207163
"538","chr19",10600022,10600023,"AC","-","LIRI","KEAP1","indel","KEAP1 C518",10489346,10489347
"539","chr19",10600446,10600446,"C","T","LIRI","KEAP1","SNV","KEAP1 R76H",10489770,10489770
"540","chr19",10600476,10600476,"C","A","LIRI","KEAP1","SNV","KEAP1 R460M",10489800,10489800
"541","chr19",10610107,10610107,"C","G","PRAD","KEAP1","SNV","KEAP1 Q201H",10499431,10499431
"542","chr19",10610227,10610227,"C","T","LIRI","KEAP1","SNV","KEAP1 M161I",10499551,10499551
"543","chr2",25457163,25457163,"A","T","CMDI","DNMT3A","SNV","DNMT3A Y685*",25234294,25234294
"544","chr2",25457176,25457176,"G","A","CMDI","DNMT3A","SNV","DNMT3A P681L",25234307,25234307
"545","chr2",25457242,25457242,"C","T","CMDI","DNMT3A","SNV","DNMT3A R882H",25234373,25234373
"546","chr2",25457243,25457243,"G","A","PRAD","DNMT3A","SNV","DNMT3A R659C",25234374,25234374
"547","chr2",25458649,25458649,"G","A","BRCA","DNMT3A","SNV","DNMT3A Q842*",25235780,25235780
"548","chr2",25458649,25458649,"G","A","BRCA","DNMT3A","SNV","DNMT3A Q619*",25235780,25235780
"549","chr2",25458686,25458686,"T","-","LAML","DNMT3A","indel","DNMT3A K829",25235817,25235817
"550","chr2",25458686,25458686,"T","-","LAML","DNMT3A","indel","DNMT3A K606",25235817,25235817
"551","chr2",25463173,25463173,"C","T","ORCA","DNMT3A","SNV","DNMT3A E774K",25240304,25240304
"552","chr2",25505372,25505372,"G","C","LIRI","DNMT3A","SNV","DNMT3A S129*",25282503,25282503
"553","chr2",209101803,209101803,"T","G","BRCA","IDH1","SNV","IDH1 *415Y",208237079,208237079
"554","chr2",209108283,209108283,"A","G","PRAD","IDH1","SNV","IDH1 I189T",208243559,208243559
"555","chr22",30057302,30057302,"C","T","OV","NF2","SNV","NF2 R221*",29661313,29661313
"556","chr22",30057302,30057302,"C","T","OV","NF2","SNV","NF2 R262*",29661313,29661313
"557","chr3",10183697,10183707,"GCCGGGCGGCC","-","RECA","VHL","indel","VHL AGRP56",10142013,10142023
"558","chr3",10183700,10183700,"G","-","RECA","VHL","indel","VHL G57",10142016,10142016
"559","chr3",10183725,10183725,"C","T","RECA","VHL","SNV","VHL S65L",10142041,10142041
"560","chr3",10183725,10183725,"C","T","RECA","VHL","SNV","VHL S65*",10142041,10142041
"561","chr3",10183700,10183700,"G","-","RECA","VHL","indel","VHL P71",10142016,10142016
"562","chr3",10183697,10183707,"GCCGGGCGGCC","-","RECA","VHL","indel","VHL C77*",10142013,10142023
"563","chr3",10183700,10183700,"G","-","RECA","VHL","indel","VHL W88*",10142016,10142016
"564","chr3",10183700,10183700,"G","-","RECA","VHL","indel","VHL L89H",10142016,10142016
"565","chr3",10183725,10183725,"C","T","RECA","VHL","SNV","VHL NFDGE90",10142041,10142041
"566","chr3",10183697,10183707,"GCCGGGCGGCC","-","RECA","VHL","indel","VHL E94*",10142013,10142023
"567","chr3",10183817,10183817,"C","T","RECA","VHL","SNV","VHL Q96*",10142133,10142133
"568","chr3",10183697,10183707,"GCCGGGCGGCC","-","RECA","VHL","indel","VHL Y98",10142013,10142023
"569","chr3",10183833,10183833,"T","C","RECA","VHL","SNV","VHL L101P",10142149,10142149
"570","chr3",10183700,10183700,"G","-","RECA","VHL","indel","VHL T105",10142016,10142016
"571","chr3",10183725,10183725,"C","T","RECA","VHL","SNV","VHL I109N",10142041,10142041
"572","chr3",10183697,10183707,"GCCGGGCGGCC","-","RECA","VHL","indel","VHL S111N",10142013,10142023
"573","chr3",10183725,10183725,"C","T","RECA","VHL","SNV","VHL R113*",10142041,10142041
"574","chr3",10188196,10188196,"A","C","RECA","VHL","SNV","VHL W117",10146512,10146512
"575","chr3",10188212,10188212,"T","-","RECA","VHL","indel","VHL F119",10146528,10146528
"576","chr3",10188212,10188212,"T","-","RECA","VHL","indel","VHL G123",10146528,10146528
"577","chr3",10188212,10188212,"T","-","RECA","VHL","indel","VHL D126",10146528,10146528
"578","chr3",10188212,10188212,"T","-","RECA","VHL","indel","VHL Q132*",10146528,10146528
"579","chr3",10188196,10188196,"A","C","RECA","VHL","SNV","VHL G144",10146512,10146512
"580","chr3",10188314,10188324,"CTGCCAGGTAC","-","RECA","VHL","indel","VHL LPV153",10146630,10146640
"581","chr3",10188196,10188196,"A","C","RECA","VHL","SNV","VHL C121Y",10146512,10146512
"582","chr3",10191462,10191473,"CCCTTCCAGTGT","-","RECA","VHL","indel","VHL LVKP128",10149778,10149789
"583","chr3",10188212,10188212,"T","-","RECA","VHL","indel","VHL LVKPENY128",10146528,10146528
"584","chr3",10188212,10188212,"T","-","RECA","VHL","indel","VHL LVKPENY169",10146528,10146528
"585","chr3",10188196,10188196,"A","C","RECA","VHL","SNV","VHL VKPENYRR129",10146512,10146512
"586","chr3",10188196,10188196,"A","C","RECA","VHL","SNV","VHL E132",10146512,10146512
"587","chr3",10188212,10188212,"T","-","RECA","VHL","indel","VHL Y134",10146528,10146528
"588","chr3",10188212,10188212,"T","-","RECA","VHL","indel","VHL Y175",10146528,10146528
"589","chr3",10191536,10191536,"A","T","RECA","VHL","SNV","VHL R177*",10149852,10149852
"590","chr3",10188314,10188324,"CTGCCAGGTAC","-","RECA","VHL","indel","VHL L178P",10146630,10146640
"591","chr3",10188314,10188324,"CTGCCAGGTAC","-","RECA","VHL","indel","VHL L137P",10146630,10146640
"592","chr3",10191563,10191563,"G","-","RECA","VHL","indel","VHL E186",10149879,10149879
"593","chr3",41266027,41266027,"G","A","GACA","CTNNB1","SNV","CTNNB1 M8I",41224536,41224536
"594","chr3",41266070,41266141,"AGTCACTGGCAGCAACAGTCTTACCTGGACTCTGGAATCCATTCTGGTGCCACTACCACAGCTCCTTCTCTG","-","PRAD","CTNNB1","indel","CTNNB1 SHWQQQSYLDSGIHSGATTTAPSL23",41224579,41224650
"595","chr3",41266089,41266089,"C","T","LINC","CTNNB1","SNV","CTNNB1 S29F",41224598,41224598
"596","chr3",41266097,41266097,"G","C","LIRI","CTNNB1","SNV","CTNNB1 D32H",41224606,41224606
"597","chr3",41266097,41266097,"G","C","LIRI","CTNNB1","SNV","CTNNB1 D25H",41224606,41224606
"598","chr3",41266097,41266097,"G","A","LIRI","CTNNB1","SNV","CTNNB1 D25N",41224606,41224606
"599","chr3",41266097,41266097,"G","T","LIRI","CTNNB1","SNV","CTNNB1 D32Y",41224606,41224606
"600","chr3",41266098,41266098,"A","G","LICA","CTNNB1","SNV","CTNNB1 D32G",41224607,41224607
"601","chr3",41266098,41266098,"A","T","LIRI","CTNNB1","SNV","CTNNB1 D25V",41224607,41224607
"602","chr3",41266097,41266097,"G","A","LIRI","CTNNB1","SNV","CTNNB1 S26T",41224606,41224606
"603","chr3",41266100,41266100,"T","C","LIRI","CTNNB1","SNV","CTNNB1 S33P",41224609,41224609
"604","chr3",41266101,41266101,"C","G","LIRI","CTNNB1","SNV","CTNNB1 S26C",41224610,41224610
"605","chr3",41266101,41266101,"C","A","LIRI","CTNNB1","SNV","CTNNB1 S33Y",41224610,41224610
"606","chr3",41266101,41266101,"C","G","LIRI","CTNNB1","SNV","CTNNB1 S26F",41224610,41224610
"607","chr3",41266103,41266103,"G","C","LIRI","CTNNB1","SNV","CTNNB1 G34R",41224612,41224612
"608","chr3",41266104,41266104,"G","A","LINC","CTNNB1","SNV","CTNNB1 G34E",41224613,41224613
"609","chr3",41266107,41266107,"T","G","LIRI","CTNNB1","SNV","CTNNB1 I28S",41224616,41224616
"610","chr3",41266110,41266110,"A","C","LIRI","CTNNB1","SNV","CTNNB1 H36P",41224619,41224619
"611","chr3",41266110,41266110,"A","G","LIRI","CTNNB1","SNV","CTNNB1 H29R",41224619,41224619
"612","chr3",41266112,41266112,"T","C","LINC","CTNNB1","SNV","CTNNB1 S37P",41224621,41224621
"613","chr3",41266113,41266113,"C","A","ESAD","CTNNB1","SNV","CTNNB1 S37Y",41224622,41224622
"614","chr3",41266113,41266113,"C","T","LIRI","CTNNB1","SNV","CTNNB1 S30F",41224622,41224622
"615","chr3",41266113,41266113,"C","T","LIRI","CTNNB1","SNV","CTNNB1 S30C",41224622,41224622
"616","chr3",41266120,41266152,"CACTACCACAGCTCCTTCTCTGAGTGGTAAAGG","-","LIRI","CTNNB1","indel","CTNNB1 ATTTAPSLSGKG32A",41224629,41224661
"617","chr3",41266124,41266124,"A","G","LIRI","CTNNB1","SNV","CTNNB1 T41A",41224633,41224633
"618","chr3",41266125,41266125,"C","T","PRAD","CTNNB1","SNV","CTNNB1 T41I",41224634,41224634
"619","chr3",41266136,41266136,"T","C","LIRI","CTNNB1","SNV","CTNNB1 S45P",41224645,41224645
"620","chr3",41266136,41266136,"T","C","LIRI","CTNNB1","SNV","CTNNB1 S38P",41224645,41224645
"621","chr3",41266136,41266136,"T","G","LIRI","CTNNB1","SNV","CTNNB1 S45A",41224645,41224645
"622","chr3",41266136,41266136,"T","G","LIRI","CTNNB1","SNV","CTNNB1 S38A",41224645,41224645
"623","chr3",41266137,41266137,"C","T","PACA","CTNNB1","SNV","CTNNB1 S38F",41224646,41224646
"624","chr3",41266137,41266137,"C","A","LIRI","CTNNB1","SNV","CTNNB1 S45Y",41224646,41224646
"625","chr3",41266155,41266155,"A","C","LIRI","CTNNB1","SNV","CTNNB1 N51T",41224664,41224664
"626","chr3",41268766,41268766,"A","T","ESAD","CTNNB1","SNV","CTNNB1 K328I",41227275,41227275
"627","chr3",41268766,41268766,"A","C","LIRI","CTNNB1","SNV","CTNNB1 K335T",41227275,41227275
"628","chr3",41274885,41274885,"C","A","LIRI","CTNNB1","SNV","CTNNB1 Q379K",41233394,41233394
"629","chr3",41274897,41274897,"T","C","LIRI","CTNNB1","SNV","CTNNB1 W383R",41233406,41233406
"630","chr3",178916640,178916666,"ACTGTGGGGCATCCACTTGATGCCCCC","-","BRCA","PIK3CA","indel","PIK3CA ELWGIHLMPP9E",179198852,179198878
"631","chr3",178916640,178916666,"ACTGTGGGGCATCCACTTGATGCCCCC","-","BRCA","PIK3CA","indel","PIK3CA E81K",179198852,179198878
"632","chr3",178916920,178916925,"GAACCA","-","BRCA","PIK3CA","indel","PIK3CA EP103",179199132,179199137
"633","chr3",178916924,178916924,"C","T","BRCA","PIK3CA","SNV","PIK3CA P104L",179199136,179199136
"634","chr3",178916640,178916666,"ACTGTGGGGCATCCACTTGATGCCCCC","-","BRCA","PIK3CA","indel","PIK3CA GNR106",179198852,179198878
"635","chr3",178916920,178916925,"GAACCA","-","BRCA","PIK3CA","indel","PIK3CA N107I",179199132,179199137
"636","chr3",178916944,178916944,"A","G","PACA","PIK3CA","SNV","PIK3CA K111E",179199156,179199156
"637","chr3",178916640,178916666,"ACTGTGGGGCATCCACTTGATGCCCCC","-","BRCA","PIK3CA","indel","PIK3CA K111N",179198852,179198878
"638","chr3",178916924,178916924,"C","T","BRCA","PIK3CA","SNV","PIK3CA G118D",179199136,179199136
"639","chr3",178916924,178916924,"C","T","BRCA","PIK3CA","SNV","PIK3CA P316A",179199136,179199136
"640","chr3",178921549,178921549,"T","G","MALY","PIK3CA","SNV","PIK3CA V344G",179203761,179203761
"641","chr3",178916944,178916944,"A","G","PACA","PIK3CA","SNV","PIK3CA N345K",179199156,179199156
"642","chr3",178922324,178922324,"G","A","BTCA","PIK3CA","SNV","PIK3CA E365K",179204536,179204536
"643","chr3",178922324,178922324,"G","A","BTCA","PIK3CA","SNV","PIK3CA C378Y",179204536,179204536
"644","chr3",178922324,178922324,"G","A","BTCA","PIK3CA","SNV","PIK3CA D395Y",179204536,179204536
"645","chr3",178922324,178922324,"G","A","BTCA","PIK3CA","SNV","PIK3CA CP420",179204536,179204536
"646","chr3",178922324,178922324,"G","A","BTCA","PIK3CA","SNV","PIK3CA P449T",179204536,179204536
"647","chr3",178922324,178922324,"G","A","BTCA","PIK3CA","SNV","PIK3CA HGLEDL450L",179204536,179204536
"648","chr3",178922324,178922324,"G","A","BTCA","PIK3CA","SNV","PIK3CA E453K",179204536,179204536
"649","chr3",178936082,178936082,"G","A","PACA","PIK3CA","SNV","PIK3CA E542K",179218294,179218294
"650","chr3",178936091,178936091,"G","A","LINC","PIK3CA","SNV","PIK3CA E545K",179218303,179218303
"651","chr3",178936082,178936082,"G","A","PACA","PIK3CA","SNV","PIK3CA Q546K",179218294,179218294
"652","chr3",178936082,178936082,"G","A","PACA","PIK3CA","SNV","PIK3CA Q546R",179218294,179218294
"653","chr3",178936082,178936082,"G","A","PACA","PIK3CA","SNV","PIK3CA Q546P",179218294,179218294
"654","chr3",178936082,178936082,"G","A","PACA","PIK3CA","SNV","PIK3CA K548T",179218294,179218294
"655","chr3",178936091,178936091,"G","A","LINC","PIK3CA","SNV","PIK3CA L755V",179218303,179218303
"656","chr3",178936082,178936082,"G","A","PACA","PIK3CA","SNV","PIK3CA M789L",179218294,179218294
"657","chr3",178952074,178952074,"G","A","BRCA","PIK3CA","SNV","PIK3CA M1043I",179234286,179234286
"658","chr3",178952084,178952084,"C","T","PRAD","PIK3CA","SNV","PIK3CA H1047Y",179234296,179234296
"659","chr3",178952084,178952084,"C","T","PRAD","PIK3CA","SNV","PIK3CA H1047R",179234296,179234296
"660","chr3",178952084,178952084,"C","T","PRAD","PIK3CA","SNV","PIK3CA H1047L",179234296,179234296
"661","chr3",178952074,178952074,"G","A","BRCA","PIK3CA","SNV","PIK3CA *1069W",179234286,179234286
"662","chr4",55593608,55593608,"G","T","GACA","KIT","SNV","KIT K558N",54727442,54727442
"663","chr4",55594221,55594221,"A","G","MELA","KIT","SNV","KIT K642E",54728055,54728055
"664","chr4",55599320,55599322,"GAC","-","LAML","KIT","indel","KIT D812",54733154,54733156
"665","chr4",55599320,55599322,"GAC","-","LAML","KIT","indel","KIT D816Y",54733154,54733156
"666","chr4",55599320,55599322,"GAC","-","LAML","KIT","indel","KIT N818K",54733154,54733156
"667","chr4",106155565,106155565,"C","T","LIRI","TET2","SNV","TET2 Q156*",105234408,105234408
"668","chr4",106156180,106156180,"C","T","CMDI","TET2","SNV","TET2 Q361*",105235023,105235023
"669","chr4",106157053,106157053,"C","T","CMDI","TET2","SNV","TET2 Q652*",105235896,105235896
"670","chr4",106157946,106157950,"TGCTG","-","CMDI","TET2","indel","TET2 HAA970",105236789,105236793
"671","chr4",106158199,106158199,"C","T","MALY","TET2","SNV","TET2 Q1055*",105237042,105237042
"672","chr4",106164860,106164860,"A","G","CMDI","TET2","SNV","TET2 K1243R",105243703,105243703
"673","chr4",106190802,106190802,"G","-","CMDI","TET2","indel","TET2 L1360",105269645,105269645
"674","chr4",106196621,106196621,"C","T","PAEN","TET2","SNV","TET2 Q1652*",105275464,105275464
"675","chr5",112102928,112102928,"G","-","BTCA","APC","indel","APC R88",112767231,112767231
"676","chr5",112128143,112128143,"C","T","PRAD","APC","SNV","APC R216*",112792446,112792446
"677","chr5",112154897,112154898,"AT","-","ESAD","APC","indel","APC I372",112819200,112819201
"678","chr5",112162825,112162825,"G","T","LIRI","APC","SNV","APC E459*",112827128,112827128
"679","chr5",112174107,112174107,"A","C","ESAD","APC","SNV","APC K939T",112838410,112838410
"680","chr5",112174107,112174107,"A","C","ESAD","APC","SNV","APC K921T",112838410,112838410
"681","chr5",112174241,112174241,"G","T","GACA","APC","SNV","APC E984*",112838544,112838544
"682","chr5",112174241,112174241,"G","T","GACA","APC","SNV","APC E966*",112838544,112838544
"683","chr5",112174884,112174884,"C","G","LIRI","APC","SNV","APC S1198*",112839187,112839187
"684","chr5",112175513,112175513,"G","-","PRAD","APC","indel","APC E1408",112839816,112839816
"685","chr5",112175639,112175639,"C","T","PACA","APC","SNV","APC R1450*",112839942,112839942
"686","chr5",112176184,112176184,"T","-","ESAD","APC","indel","APC S1631",112840487,112840487
"687","chr5",112176863,112176863,"C","T","PACA","APC","SNV","APC R1858*",112841166,112841166
"688","chr5",112177101,112177101,"C","-","PACA","APC","indel","APC S1937",112841404,112841404
"689","chr7",55240762,55240762,"G","A","ESAD","EGFR","SNV","EGFR R616Q",55173069,55173069
"690","chr7",55240795,55240795,"G","A","BRCA","EGFR","SNV","EGFR R635Q",55173102,55173102
"691","chr7",116435985,116435985,"G","T","RECA","MET","SNV","MET R1327L",116795931,116795931
"692","chr7",140434475,140434476,"CT","-","LIRI","BRAF","indel","BRAF E741",140734675,140734676
"693","chr7",140434475,140434476,"CT","-","LIRI","BRAF","indel","BRAF I724M",140734675,140734676
"694","chr7",140453123,140453123,"C","A","MELA","BRAF","SNV","BRAF W604C",140753323,140753323
"695","chr7",140453123,140453123,"C","A","MELA","BRAF","SNV","BRAF W211C",140753323,140753323
"696","chr7",140453132,140453132,"T","A","CLLE","BRAF","SNV","BRAF K208N",140753332,140753332
"697","chr7",140453132,140453132,"T","A","CLLE","BRAF","SNV","BRAF K601N",140753332,140753332
"698","chr7",140453123,140453123,"C","A","MELA","BRAF","SNV","BRAF K601E",140753323,140753323
"699","chr7",140453123,140453123,"C","A","MELA","BRAF","SNV","BRAF K208E",140753323,140753323
"700","chr7",140453132,140453132,"T","A","CLLE","BRAF","SNV","BRAF V207E",140753332,140753332
"701","chr7",140453132,140453132,"T","A","CLLE","BRAF","SNV","BRAF V600E",140753332,140753332
"702","chr7",140453132,140453132,"T","A","CLLE","BRAF","SNV","BRAF L204Q",140753332,140753332
"703","chr7",140453132,140453132,"T","A","CLLE","BRAF","SNV","BRAF L597Q",140753332,140753332
"704","chr7",140453132,140453132,"T","A","CLLE","BRAF","SNV","BRAF D201G",140753332,140753332
"705","chr7",140453132,140453132,"T","A","CLLE","BRAF","SNV","BRAF D594G",140753332,140753332
"706","chr7",140453154,140453154,"T","G","LIRI","BRAF","SNV","BRAF D201A",140753354,140753354
"707","chr7",140453154,140453154,"T","A","GACA","BRAF","SNV","BRAF D201V",140753354,140753354
"708","chr7",140453155,140453155,"C","T","LIRI","BRAF","SNV","BRAF D594N",140753355,140753355
"709","chr7",140476763,140476763,"A","T","RECA","BRAF","SNV","BRAF F155Y",140776963,140776963
"710","chr7",140476763,140476763,"A","T","RECA","BRAF","SNV","BRAF E108K",140776963,140776963
"711","chr7",140476763,140476763,"A","T","RECA","BRAF","SNV","BRAF NVTAPT93T",140776963,140776963
"712","chr7",140481402,140481402,"C","G","CLLE","BRAF","SNV","BRAF G76A",140781602,140781602
"713","chr7",140481412,140481412,"C","T","MELA","BRAF","SNV","BRAF G466R",140781612,140781612
"714","chr7",140481402,140481402,"C","G","CLLE","BRAF","SNV","BRAF E58D",140781602,140781602
"715","chr7",140494208,140494208,"C","G","ESAD","BRAF","SNV","BRAF R347P",140794408,140794408
"716","chr8",128750638,128750638,"G","A","MALY","MYC","SNV","MYC A59T",127738392,127738392
"717","chr8",128750639,128750639,"C","T","MALY","MYC","SNV","MYC R33C",127738393,127738393
"718","chr8",128750673,128750673,"G","A","MALY","MYC","SNV","MYC C44Y",127738427,127738427
"719","chr8",128750677,128750677,"C","T","MALY","MYC","SNV","MYC P71S",127738431,127738431
"720","chr8",128750681,128750681,"C","A","MALY","MYC","SNV","MYC T73N",127738435,127738435
"721","chr8",128750683,128750683,"C","T","MALY","MYC","SNV","MYC P73S",127738437,127738437
"722","chr8",128750686,128750686,"C","G","MALY","MYC","SNV","MYC P75A",127738440,127738440
"723","chr8",128750953,128750953,"C","G","MALY","MYC","SNV","MYC L164V",127738707,127738707
"724","chr9",5070022,5070027,"TCACAA","-","CMDI","JAK2","indel","JAK2 FHK537L",5070022,5070027
"725","chr9",21970948,21970975,"GTGCCCCCCGCAGCCGCGCGCAGGTACC","-","PACA","CDKN2A","indel","CDKN2A RYLRAAAGGT128",21970949,21970976
"726","chr9",21970969,21970969,"A","T","PACA","CDKN2A","SNV","CDKN2A L130Q",21970970,21970970
"727","chr9",21970979,21970981,"CGA","-","ESAD","CDKN2A","indel","CDKN2A VA126A",21970980,21970982
"728","chr9",21971000,21971000,"C","A","PACA","CDKN2A","SNV","CDKN2A E69*",21971001,21971001
"729","chr9",21971015,21971057,"CGGGCAGACGGCCCCAGGCATCGCGCACGTCCAGCCGCGCCCC","-","PACA","CDKN2A","indel","CDKN2A GARLDVRDAWGRLPV101",21971016,21971058
"730","chr9",21971028,21971028,"C","T","PACA","CDKN2A","SNV","CDKN2A W110*",21971029,21971029
"731","chr9",21971028,21971028,"C","T","PACA","CDKN2A","SNV","CDKN2A G166R",21971029,21971029
"732","chr9",21971029,21971029,"C","T","PACA","CDKN2A","SNV","CDKN2A W59*",21971030,21971030
"733","chr9",21971029,21971029,"C","T","PACA","CDKN2A","SNV","CDKN2A L165L",21971030,21971030
"734","chr9",21971030,21971030,"A","G","PACA","CDKN2A","SNV","CDKN2A W110R",21971031,21971031
"735","chr9",21971030,21971030,"A","G","PACA","CDKN2A","SNV","CDKN2A L124P",21971031,21971031
"736","chr9",21971035,21971062,"TCGCGCACGTCCAGCCGCGCCCCGGCCC","-","BOCA","CDKN2A","indel","CDKN2A RAGARLDVRD99",21971036,21971063
"737","chr9",21971035,21971062,"TCGCGCACGTCCAGCCGCGCCCCGGCCC","-","BOCA","CDKN2A","indel","CDKN2A PGRGAAGRAR154",21971036,21971063
"738","chr9",21971040,21971045,"CACGTC","-","PACA","CDKN2A","indel","CDKN2A DV105",21971041,21971046
"739","chr9",21971040,21971045,"CACGTC","-","PACA","CDKN2A","indel","CDKN2A GRA119A",21971041,21971046
"740","chr9",21971048,21971048,"G","C","PACA","CDKN2A","SNV","CDKN2A A159G",21971049,21971049
"741","chr9",21971048,21971048,"G","C","PACA","CDKN2A","SNV","CDKN2A A118G",21971049,21971049
"742","chr9",21971053,21971053,"G","A","ESAD","CDKN2A","SNV","CDKN2A A51V",21971054,21971054
"743","chr9",21971062,21971062,"C","G","ESAD","CDKN2A","SNV","CDKN2A R48P",21971063,21971063
"744","chr9",21971062,21971062,"C","G","ESAD","CDKN2A","SNV","CDKN2A P113P",21971063,21971063
"745","chr9",21971076,21971078,"CAG","-","PACA","CDKN2A","indel","CDKN2A L43",21971077,21971079
"746","chr9",21971076,21971078,"CAG","-","PACA","CDKN2A","indel","CDKN2A L94",21971077,21971079
"747","chr9",21971076,21971078,"CAG","-","PACA","CDKN2A","indel","CDKN2A AG149G",21971077,21971079
"748","chr9",21971087,21971088,"GG","-","PACA","CDKN2A","indel","CDKN2A FL39",21971088,21971089
"749","chr9",21971087,21971088,"GG","-","PACA","CDKN2A","indel","CDKN2A P146",21971088,21971089
"750","chr9",21971090,21971090,"A","G","MELA","CDKN2A","SNV","CDKN2A F90L",21971091,21971091
"751","chr9",21971090,21971090,"A","G","MELA","CDKN2A","SNV","CDKN2A F39L",21971091,21971091
"752","chr9",21971094,21971094,"C","T","MELA","CDKN2A","SNV","CDKN2A G103R",21971095,21971095
"753","chr9",21971094,21971094,"C","T","MELA","CDKN2A","SNV","CDKN2A E88E",21971095,21971095
"754","chr9",21971096,21971096,"C","T","MELA","CDKN2A","SNV","CDKN2A E88K",21971097,21971097
"755","chr9",21971096,21971096,"C","T","MELA","CDKN2A","SNV","CDKN2A G143E",21971097,21971097
"756","chr9",21971105,21971113,"CGTCGTGCA","-","PACA","CDKN2A","indel","CDKN2A VHDA82A",21971106,21971114
"757","chr9",21971108,21971108,"C","T","PACA","CDKN2A","SNV","CDKN2A R139Q",21971109,21971109
"758","chr9",21971108,21971108,"C","T","PACA","CDKN2A","SNV","CDKN2A D84N",21971109,21971109
"759","chr9",21971110,21971110,"T","C","ESAD","CDKN2A","SNV","CDKN2A H83R",21971111,21971111
"760","chr9",21971110,21971110,"T","C","ESAD","CDKN2A","SNV","CDKN2A H32R",21971111,21971111
"761","chr9",21971111,21971111,"G","A","PACA","CDKN2A","SNV","CDKN2A H83Y",21971112,21971112
"762","chr9",21971120,21971120,"G","A","PACA","CDKN2A","SNV","CDKN2A R29*",21971121,21971121
"763","chr9",21971120,21971120,"G","A","PACA","CDKN2A","SNV","CDKN2A P94L",21971121,21971121
"764","chr9",21971120,21971120,"G","A","PACA","CDKN2A","SNV","CDKN2A P135L",21971121,21971121
"765","chr9",21971120,21971121,"GG","-","MELA","CDKN2A","indel","CDKN2A TR28",21971121,21971122
"766","chr9",21971120,21971121,"GG","-","MELA","CDKN2A","indel","CDKN2A TR79",21971121,21971122
"767","chr9",21971131,21971141,"GCGGGGTCGGC","-","LIRI","CDKN2A","indel","CDKN2A ADPA73",21971132,21971142
"768","chr9",21971131,21971141,"GCGGGGTCGGC","-","LIRI","CDKN2A","indel","CDKN2A RRPR128",21971132,21971142
"769","chr9",21971145,21971153,"GTTGGGCTC","-","PACA","CDKN2A","indel","CDKN2A EPN69",21971146,21971154
"770","chr9",21971145,21971153,"GTTGGGCTC","-","PACA","CDKN2A","indel","CDKN2A GAQL124V",21971146,21971154
"771","chr9",21971149,21971172,"GGCTCCGCGCCGTGGAGCAGCAGC","-","PACA","CDKN2A","indel","CDKN2A LLLLHGAEP11L",21971150,21971173
"772","chr9",21971149,21971172,"GGCTCCGCGCCGTGGAGCAGCAGC","-","PACA","CDKN2A","indel","CDKN2A LLLLHGAEP62L",21971150,21971173
"773","chr9",21971149,21971172,"GGCTCCGCGCCGTGGAGCAGCAGC","-","PACA","CDKN2A","indel","CDKN2A AAAPRRGA118",21971150,21971173
"774","chr9",21971150,21971173,"GCTCCGCGCCGTGGAGCAGCAGCA","-","ESAD","CDKN2A","indel","CDKN2A AAAAPRRGA117A",21971151,21971174
"775","chr9",21971150,21971178,"GCTCCGCGCCGTGGAGCAGCAGCAGCTCC","-","PACA","CDKN2A","indel","CDKN2A GAAAAPRRGA75",21971151,21971179
"776","chr9",21971177,21971177,"C","A","MELA","CDKN2A","SNV","CDKN2A E10*",21971178,21971178
"777","chr9",21971177,21971177,"C","A","MELA","CDKN2A","SNV","CDKN2A G116V",21971178,21971178
"778","chr9",21971177,21971177,"C","A","MELA","CDKN2A","SNV","CDKN2A G75V",21971178,21971178
"779","chr9",21971186,21971186,"G","A","ESAD","CDKN2A","SNV","CDKN2A P72L",21971187,21971187
"780","chr9",21971186,21971186,"G","A","ESAD","CDKN2A","SNV","CDKN2A P113L",21971187,21971187
"781","chr9",21971206,21971206,"A","T","PACA","CDKN2A","SNV","CDKN2A V51D",21971207,21971207
"782","chr9",21974726,21974775,"GCCTCCAGCAGCGCCCGCACCTCCTCTACCCGACCCCGGGCCGCGGCCGT","-","ESAD","CDKN2A","indel","CDKN2A TAAARGRVEEVRALLEA18",21974727,21974776
"783","chr9",21974777,21974780,"GCCA","-","PACA","CDKN2A","indel","CDKN2A LA16",21974778,21974781
"784","chr9",21974777,21974780,"GCCA","-","PACA","CDKN2A","indel","CDKN2A G6",21974778,21974781
"785","chr9",98229543,98229570,"TATATACATGTTGTAGAAAGAAAAGTAT","-","PBCA","PTCH1","indel","PTCH1 KYFSFYNMYI730",95467261,95467288
"786","chr9",98232138,98232138,"G","A","PBCA","PTCH1","SNV","PTCH1 R536*",95469856,95469856
"787","chr9",98232196,98232198,"CAC","-","PBCA","PTCH1","indel","PTCH1 V247",95469914,95469916
"788","chr9",98239980,98239983,"GCGA","-","PBCA","PTCH1","indel","PTCH1 LA384",95477698,95477701
"789","chr9",98240355,98240360,"GGCCAC","-","PBCA","PTCH1","indel","PTCH1 VA291",95478073,95478078
"790","chr9",98240355,98240360,"GGCCAC","-","PBCA","PTCH1","indel","PTCH1 VA376",95478073,95478078
"791","chr9",98241377,98241377,"C","A","PBCA","PTCH1","SNV","PTCH1 E223*",95479095,95479095
"792","chr9",98241412,98241412,"G","T","PBCA","PTCH1","SNV","PTCH1 T361N",95479130,95479130
"793","chr9",98241412,98241412,"G","T","PBCA","PTCH1","SNV","PTCH1 T211N",95479130,95479130
"794","chr9",98242717,98242717,"G","-","PBCA","PTCH1","indel","PTCH1 A149",95480435,95480435
"795","chr9",98242717,98242717,"G","-","PBCA","PTCH1","indel","PTCH1 A20",95480435,95480435
"796","chr9",98242730,98242730,"C","A","PBCA","PTCH1","SNV","PTCH1 C230F",95480448,95480448
"797","chr9",98242730,98242730,"C","A","PBCA","PTCH1","SNV","PTCH1 C16F",95480448,95480448
"798","chr9",98244300,98244300,"C","-","PBCA","PTCH1","indel","PTCH1 C75",95482018,95482018
"799","chr9",98244300,98244300,"C","-","PBCA","PTCH1","indel","PTCH1 C225",95482018,95482018
"800","chr9",98248030,98248030,"G","A","PBCA","PTCH1","SNV","PTCH1 A23V",95485748,95485748
"801","chr9",98248030,98248030,"G","A","PBCA","PTCH1","SNV","PTCH1 A108V",95485748,95485748
"802","chr9",98268804,98268804,"G","-","PBCA","PTCH1","indel","PTCH1 Y93",95506522,95506522
"803","chr9",139396280,139396280,"A","G","LIRI","NOTCH1","SNV","NOTCH1 L1853P",136501828,136501828
"804","chr9",139393712,139393712,"C","T","ESAD","NOTCH1","SNV","NOTCH1 R1683Q",136499260,136499260
"805","chr9",139393712,139393712,"C","T","ESAD","NOTCH1","SNV","NOTCH1 N1484S",136499260,136499260
"806","chr9",139390152,139390152,"T","C","CLLE","NOTCH1","SNV","NOTCH1 E943K",136495700,136495700
"807","chr9",139390152,139390152,"T","C","CLLE","NOTCH1","SNV","NOTCH1 N753T",136495700,136495700
"808","chr9",139409090,139409090,"G","C","PBCA","NOTCH1","SNV","NOTCH1 C693W",136514638,136514638
"809","chr9",139409090,139409090,"G","C","PBCA","NOTCH1","SNV","NOTCH1 D545V",136514638,136514638
"810","chr9",139412215,139412215,"A","G","ESAD","NOTCH1","SNV","NOTCH1 I477T",136517763,136517763
"811","chr9",139412215,139412215,"A","G","ESAD","NOTCH1","SNV","NOTCH1 C467W",136517763,136517763
"812","chr9",139413070,139413072,"AGA","-","ORCA","NOTCH1","indel","NOTCH1 FY357Y",136518618,136518620
"813","chr9",139413070,139413072,"AGA","-","ORCA","NOTCH1","indel","NOTCH1 G309R",136518618,136518620
"814","chr9",139412215,139412215,"A","G","ESAD","NOTCH1","SNV","NOTCH1 C227*",136517763,136517763
